{
  "properties": {
    "connectionReferences": {},
    "definition": {
      "$schema": "https://schema.management.azure.com/providers/Microsoft.Logic/schemas/2016-06-01/workflowdefinition.json#",
      "contentVersion": "1.0.0.0",
      "parameters": {
        "$authentication": {
          "defaultValue": {},
          "type": "SecureObject"
        }
      },
      "triggers": {
        "manual": {
          "metadata": {
            "operationMetadataId": "5eb29d16-8088-4bc6-becc-6f914ca58bbb"
          },
          "type": "Request",
          "kind": "PowerAppV2",
          "inputs": {
            "schema": {
              "type": "object",
              "properties": {
                "number": {
                  "title": "year",
                  "type": "number",
                  "x-ms-dynamically-added": true,
                  "description": "Please enter a number",
                  "x-ms-content-hint": "NUMBER"
                }
              },
              "required": [
                "number"
              ]
            }
          }
        }
      },
      "actions": {
        "HTTP": {
          "runAfter": {},
          "metadata": {
            "operationMetadataId": "c27129b2-0538-451b-ae38-de611eed2248"
          },
          "type": "Http",
          "inputs": {
            "method": "GET",
            "uri": "https://api.collegefootballdata.com/calendar?year=@{triggerBody()['number']}",
            "headers": {
              "Authorization": "Bearer oTYpJkp7kMuniYy0TbmoQQWkps01xdiWUkGd/aEc+smGvXX95CJJ+D1TdfPfQda6"
            }
          }
        },
        "Response": {
          "runAfter": {
            "HTTP": [
              "Succeeded"
            ]
          },
          "metadata": {
            "operationMetadataId": "794ce233-1c3b-4f39-8898-cabd06c65c09"
          },
          "type": "Response",
          "kind": "Http",
          "inputs": {
            "statusCode": 200,
            "body": "@body('HTTP')",
            "schema": {
              "type": "array",
              "items": {
                "type": "object",
                "properties": {
                  "season": {
                    "type": "integer"
                  },
                  "week": {
                    "type": "integer"
                  },
                  "seasonType": {
                    "type": "string"
                  },
                  "firstGameStart": {
                    "type": "string"
                  },
                  "lastGameStart": {
                    "type": "string"
                  }
                },
                "required": [
                  "season",
                  "week",
                  "seasonType",
                  "firstGameStart",
                  "lastGameStart"
                ]
              }
            }
          }
        }
      },
      "outputs": {}
    },
    "templateName": null
  },
  "schemaVersion": "1.0.0.0"
}