{
  "properties": {
    "connectionReferences": {},
    "definition": {
      "$schema": "https://schema.management.azure.com/providers/Microsoft.Logic/schemas/2016-06-01/workflowdefinition.json#",
      "contentVersion": "1.0.0.0",
      "parameters": {
        "$authentication": {
          "defaultValue": {},
          "type": "SecureObject"
        }
      },
      "triggers": {
        "manual": {
          "metadata": {
            "operationMetadataId": "3fce9696-a3f3-482b-839d-e0aac96fdd71"
          },
          "type": "Request",
          "kind": "PowerAppV2",
          "inputs": {
            "schema": {
              "type": "object",
              "properties": {
                "number": {
                  "title": "year",
                  "type": "number",
                  "x-ms-dynamically-added": true,
                  "description": "Year filter",
                  "x-ms-content-hint": "NUMBER"
                },
                "number_1": {
                  "title": "week",
                  "type": "number",
                  "x-ms-dynamically-added": true,
                  "description": "Week filter",
                  "x-ms-content-hint": "NUMBER"
                },
                "text": {
                  "title": "seasonType",
                  "type": "string",
                  "x-ms-dynamically-added": true,
                  "description": "Season type filter (regular, postseason, or both)",
                  "enum": [
                    "regular",
                    "postseason",
                    "both"
                  ],
                  "x-ms-content-hint": "TEXT"
                },
                "text_1": {
                  "title": "team",
                  "type": "string",
                  "x-ms-dynamically-added": true,
                  "description": "Team filter",
                  "x-ms-content-hint": "TEXT"
                },
                "text_2": {
                  "title": "conference",
                  "type": "string",
                  "x-ms-dynamically-added": true,
                  "description": "Conference filter",
                  "x-ms-content-hint": "TEXT"
                },
                "text_3": {
                  "title": "mediaType",
                  "type": "string",
                  "x-ms-dynamically-added": true,
                  "description": "Media type filter (tv, radio, web, ppv, or mobile)",
                  "x-ms-content-hint": "TEXT"
                },
                "text_4": {
                  "title": "classification",
                  "type": "string",
                  "x-ms-dynamically-added": true,
                  "description": "Division classification filter (fbs/fcs/ii/iii)",
                  "enum": [
                    "fbs",
                    "fcs",
                    "ii",
                    "iii"
                  ],
                  "x-ms-content-hint": "TEXT"
                }
              },
              "required": [
                "number"
              ]
            }
          }
        }
      },
      "actions": {
        "HTTP": {
          "runAfter": {},
          "metadata": {
            "operationMetadataId": "ff6fa7db-67c9-42af-9733-885dbc40eef5"
          },
          "type": "Http",
          "inputs": {
            "method": "GET",
            "uri": "https://api.collegefootballdata.com/games/media?year=@{triggerBody()['number']}&week=@{triggerBody()['number_1']}&seasonType=@{triggerBody()?['text']}&team=@{triggerBody()['text_1']}&conference=@{triggerBody()['text_2']}&mediaType=@{triggerBody()['text_3']}&classification=@{triggerBody()['text_4']}",
            "headers": {
              "Authorization": "Bearer oTYpJkp7kMuniYy0TbmoQQWkps01xdiWUkGd/aEc+smGvXX95CJJ+D1TdfPfQda6"
            }
          }
        },
        "Response": {
          "runAfter": {
            "HTTP": [
              "Succeeded"
            ]
          },
          "metadata": {
            "operationMetadataId": "daacca63-e263-421c-bb3e-c673516a3204"
          },
          "type": "Response",
          "kind": "Http",
          "inputs": {
            "statusCode": 200,
            "body": "@body('HTTP')",
            "schema": {
              "type": "array",
              "items": {
                "type": "object",
                "properties": {
                  "id": {
                    "type": "integer"
                  },
                  "season": {
                    "type": "integer"
                  },
                  "week": {
                    "type": "integer"
                  },
                  "seasonType": {
                    "type": "string"
                  },
                  "startTime": {
                    "type": "string"
                  },
                  "isStartTimeTBD": {
                    "type": "boolean"
                  },
                  "homeTeam": {
                    "type": "string"
                  },
                  "homeConference": {
                    "type": "string"
                  },
                  "awayTeam": {
                    "type": "string"
                  },
                  "awayConference": {
                    "type": "string"
                  },
                  "mediaType": {
                    "type": "string"
                  },
                  "outlet": {
                    "type": "string"
                  }
                },
                "required": [
                  "id",
                  "season",
                  "week",
                  "seasonType",
                  "startTime",
                  "isStartTimeTBD",
                  "homeTeam",
                  "homeConference",
                  "awayTeam",
                  "awayConference",
                  "mediaType",
                  "outlet"
                ]
              }
            }
          }
        }
      },
      "outputs": {}
    },
    "templateName": null
  },
  "schemaVersion": "1.0.0.0"
}