{
  "properties": {
    "connectionReferences": {},
    "definition": {
      "$schema": "https://schema.management.azure.com/providers/Microsoft.Logic/schemas/2016-06-01/workflowdefinition.json#",
      "contentVersion": "1.0.0.0",
      "parameters": {
        "$authentication": {
          "defaultValue": {},
          "type": "SecureObject"
        }
      },
      "triggers": {
        "manual": {
          "metadata": {
            "operationMetadataId": "d723b71c-a8fb-4f53-8e62-1e0fa216c8ca"
          },
          "type": "Request",
          "kind": "PowerAppV2",
          "inputs": {
            "schema": {
              "type": "object",
              "properties": {
                "number": {
                  "title": "year",
                  "type": "number",
                  "x-ms-dynamically-added": true,
                  "description": "Year filter",
                  "x-ms-content-hint": "NUMBER"
                },
                "number_1": {
                  "title": "week",
                  "type": "number",
                  "x-ms-dynamically-added": true,
                  "description": "Week filter",
                  "x-ms-content-hint": "NUMBER"
                },
                "text": {
                  "title": "team",
                  "type": "string",
                  "x-ms-dynamically-added": true,
                  "description": "Team filter",
                  "x-ms-content-hint": "TEXT"
                },
                "text_1": {
                  "title": "seasonType",
                  "type": "string",
                  "x-ms-dynamically-added": true,
                  "description": "regular or postseason",
                  "enum": [
                    "regular",
                    "postseason"
                  ],
                  "x-ms-content-hint": "TEXT"
                }
              },
              "required": []
            }
          }
        }
      },
      "actions": {
        "HTTP": {
          "runAfter": {},
          "metadata": {
            "operationMetadataId": "394a377c-db03-4cf8-b5e3-9fa10bfa36b6"
          },
          "type": "Http",
          "inputs": {
            "method": "GET",
            "uri": "https://api.collegefootballdata.com/metrics/wp/pregame?year=@{triggerBody()['number']}&week=@{triggerBody()['number_1']}&team=@{triggerBody()['text']}&seasonType=@{triggerBody()['text_1']}",
            "headers": {
              "Authorization": "Bearer oTYpJkp7kMuniYy0TbmoQQWkps01xdiWUkGd/aEc+smGvXX95CJJ+D1TdfPfQda6"
            }
          }
        },
        "Response": {
          "runAfter": {
            "HTTP": [
              "Succeeded"
            ]
          },
          "metadata": {
            "operationMetadataId": "1965a472-f635-4bc9-8624-89c5a2eae303"
          },
          "type": "Response",
          "kind": "Http",
          "inputs": {
            "statusCode": 200,
            "body": "@body('HTTP')",
            "schema": {
              "type": "array",
              "items": {
                "type": "object",
                "properties": {
                  "season": {
                    "type": "integer"
                  },
                  "seasonType": {
                    "type": "string"
                  },
                  "week": {
                    "type": "integer"
                  },
                  "gameId": {
                    "type": "integer"
                  },
                  "homeTeam": {
                    "type": "string"
                  },
                  "awayTeam": {
                    "type": "string"
                  },
                  "spread": {
                    "type": "integer"
                  },
                  "homeWinProb": {
                    "type": "integer"
                  }
                },
                "required": [
                  "season",
                  "seasonType",
                  "week",
                  "gameId",
                  "homeTeam",
                  "awayTeam",
                  "spread",
                  "homeWinProb"
                ]
              }
            }
          }
        }
      },
      "outputs": {}
    },
    "templateName": null
  },
  "schemaVersion": "1.0.0.0"
}