{
  "properties": {
    "connectionReferences": {},
    "definition": {
      "$schema": "https://schema.management.azure.com/providers/Microsoft.Logic/schemas/2016-06-01/workflowdefinition.json#",
      "contentVersion": "1.0.0.0",
      "parameters": {
        "$authentication": {
          "defaultValue": {},
          "type": "SecureObject"
        }
      },
      "triggers": {
        "manual": {
          "metadata": {
            "operationMetadataId": "42d24dd3-5c25-4768-9132-4935b419e1d1"
          },
          "type": "Request",
          "kind": "PowerAppV2",
          "inputs": {
            "schema": {
              "type": "object",
              "properties": {
                "number": {
                  "title": "year",
                  "type": "number",
                  "x-ms-dynamically-added": true,
                  "description": "Please enter a number",
                  "x-ms-content-hint": "NUMBER"
                },
                "text": {
                  "title": "team",
                  "type": "string",
                  "x-ms-dynamically-added": true,
                  "description": "Please enter your input",
                  "x-ms-content-hint": "TEXT"
                }
              },
              "required": [
                "number",
                "text"
              ]
            }
          }
        }
      },
      "actions": {
        "HTTP": {
          "runAfter": {},
          "metadata": {
            "operationMetadataId": "0563ea93-3eef-4556-9339-faeb172b7d20"
          },
          "type": "Http",
          "inputs": {
            "method": "GET",
            "uri": "https://api.collegefootballdata.com/stats/season?year=@{triggerBody()['number']}&team=@{triggerBody()['text']}",
            "headers": {
              "Authorization": "Bearer oTYpJkp7kMuniYy0TbmoQQWkps01xdiWUkGd/aEc+smGvXX95CJJ+D1TdfPfQda6"
            }
          }
        },
        "Response": {
          "runAfter": {
            "HTTP": [
              "Succeeded"
            ]
          },
          "metadata": {
            "operationMetadataId": "b8354fd4-1051-4798-87bd-49713b56c621"
          },
          "type": "Response",
          "kind": "Http",
          "inputs": {
            "statusCode": 200,
            "body": "@body('HTTP')",
            "schema": {
              "type": "array",
              "items": {
                "type": "object",
                "properties": {
                  "season": {
                    "type": "integer"
                  },
                  "team": {
                    "type": "string"
                  },
                  "conference": {
                    "type": "string"
                  },
                  "statName": {
                    "type": "string"
                  },
                  "statValue": {
                    "type": "integer"
                  }
                },
                "required": [
                  "season",
                  "team",
                  "conference",
                  "statName",
                  "statValue"
                ]
              }
            }
          }
        }
      },
      "outputs": {}
    },
    "templateName": null
  },
  "schemaVersion": "1.0.0.0"
}