{
  "properties": {
    "connectionReferences": {},
    "definition": {
      "$schema": "https://schema.management.azure.com/providers/Microsoft.Logic/schemas/2016-06-01/workflowdefinition.json#",
      "contentVersion": "1.0.0.0",
      "parameters": {
        "$authentication": {
          "defaultValue": {},
          "type": "SecureObject"
        }
      },
      "triggers": {
        "manual": {
          "metadata": {
            "operationMetadataId": "ea7c651f-d5b9-4538-91ba-7301b54b4119"
          },
          "type": "Request",
          "kind": "PowerAppV2",
          "inputs": {
            "schema": {
              "type": "object",
              "properties": {
                "number": {
                  "title": "year",
                  "type": "number",
                  "x-ms-dynamically-added": true,
                  "description": "Season filter",
                  "x-ms-content-hint": "NUMBER"
                },
                "number_1": {
                  "title": "week",
                  "type": "number",
                  "x-ms-dynamically-added": true,
                  "description": "Maximum week filter",
                  "x-ms-content-hint": "NUMBER"
                },
                "text": {
                  "title": "team",
                  "type": "string",
                  "x-ms-dynamically-added": true,
                  "description": "Team filter",
                  "x-ms-content-hint": "TEXT"
                },
                "text_1": {
                  "title": "conference",
                  "type": "string",
                  "x-ms-dynamically-added": true,
                  "description": "Conference filter",
                  "x-ms-content-hint": "TEXT"
                }
              },
              "required": []
            }
          }
        }
      },
      "actions": {
        "HTTP": {
          "runAfter": {},
          "metadata": {
            "operationMetadataId": "76cfc385-dd0e-49a3-aeef-62195c410100"
          },
          "type": "Http",
          "inputs": {
            "method": "GET",
            "uri": "https://api.collegefootballdata.com/ratings/elo?year=@{triggerBody()?['number']}&week=@{triggerBody()?['number_1']}&team=@{triggerBody()?['text']}&conference=@{triggerBody()?['text_1']}",
            "headers": {
              "Authorization": "Bearer oTYpJkp7kMuniYy0TbmoQQWkps01xdiWUkGd/aEc+smGvXX95CJJ+D1TdfPfQda6"
            }
          }
        },
        "Response": {
          "runAfter": {
            "HTTP": [
              "Succeeded"
            ]
          },
          "metadata": {
            "operationMetadataId": "9266e001-3acd-4e5d-8fb0-5d08966fa7ab"
          },
          "type": "Response",
          "kind": "Http",
          "inputs": {
            "statusCode": 200,
            "body": "@body('HTTP')",
            "schema": {
              "type": "array",
              "items": {
                "type": "object",
                "properties": {
                  "year": {
                    "type": "integer"
                  },
                  "team": {
                    "type": "string"
                  },
                  "conference": {
                    "type": "string"
                  },
                  "elo": {
                    "type": "integer"
                  }
                },
                "required": [
                  "year",
                  "team",
                  "conference",
                  "elo"
                ]
              }
            }
          }
        }
      },
      "outputs": {}
    },
    "templateName": null
  },
  "schemaVersion": "1.0.0.0"
}