{
  "properties": {
    "connectionReferences": {},
    "definition": {
      "$schema": "https://schema.management.azure.com/providers/Microsoft.Logic/schemas/2016-06-01/workflowdefinition.json#",
      "contentVersion": "1.0.0.0",
      "parameters": {
        "$authentication": {
          "defaultValue": {},
          "type": "SecureObject"
        }
      },
      "triggers": {
        "manual": {
          "metadata": {
            "operationMetadataId": "8b289be9-99e1-4a46-b2b1-66c8a9bcc70e"
          },
          "type": "Request",
          "kind": "PowerAppV2",
          "inputs": {
            "schema": {
              "type": "object",
              "properties": {
                "number": {
                  "title": "year",
                  "type": "number",
                  "x-ms-dynamically-added": true,
                  "description": "Year/season filter for games",
                  "x-ms-content-hint": "NUMBER"
                },
                "number_1": {
                  "title": "week",
                  "type": "number",
                  "x-ms-dynamically-added": true,
                  "description": "Week filter",
                  "x-ms-content-hint": "NUMBER"
                },
                "text": {
                  "title": "seasonType",
                  "type": "string",
                  "x-ms-dynamically-added": true,
                  "description": "Season type filter (regular or postseason)",
                  "x-ms-content-hint": "TEXT",
                  "enum": [
                    "regular",
                    "postseason"
                  ]
                },
                "text_1": {
                  "title": "team",
                  "type": "string",
                  "x-ms-dynamically-added": true,
                  "description": "Team",
                  "x-ms-content-hint": "TEXT"
                },
                "text_2": {
                  "title": "home",
                  "type": "string",
                  "x-ms-dynamically-added": true,
                  "description": "Home team filter",
                  "x-ms-content-hint": "TEXT"
                },
                "text_3": {
                  "title": "away",
                  "type": "string",
                  "x-ms-dynamically-added": true,
                  "description": "Away team filter",
                  "x-ms-content-hint": "TEXT"
                },
                "text_4": {
                  "title": "conference",
                  "type": "string",
                  "x-ms-dynamically-added": true,
                  "description": "Conference abbreviation filter",
                  "x-ms-content-hint": "TEXT"
                },
                "text_5": {
                  "title": "division",
                  "type": "string",
                  "x-ms-dynamically-added": true,
                  "description": "Division classification filter (fbs/fcs/ii/iii)",
                  "x-ms-content-hint": "TEXT"
                },
                "number_2": {
                  "title": "id",
                  "type": "number",
                  "x-ms-dynamically-added": true,
                  "description": "id filter for querying a single game",
                  "x-ms-content-hint": "NUMBER"
                }
              },
              "required": [
                "number"
              ]
            }
          }
        }
      },
      "actions": {
        "HTTP": {
          "runAfter": {},
          "metadata": {
            "operationMetadataId": "a95d514d-e8ce-436a-84c5-a14c6a3e6558"
          },
          "type": "Http",
          "inputs": {
            "method": "GET",
            "uri": "https://api.collegefootballdata.com/games?year=@{triggerBody()['number']}&week=@{triggerBody()['number_1']}&seasonType=@{triggerBody()['text']}&team=@{triggerBody()['text_1']}&home=@{triggerBody()['text_2']}&away=@{triggerBody()['text_3']}&conference=@{triggerBody()['text_4']}&division=@{triggerBody()['text_5']}&id=@{triggerBody()['number_2']}",
            "headers": {
              "Authorization": "Bearer oTYpJkp7kMuniYy0TbmoQQWkps01xdiWUkGd/aEc+smGvXX95CJJ+D1TdfPfQda6"
            }
          }
        },
        "Response": {
          "runAfter": {
            "HTTP": [
              "Succeeded"
            ]
          },
          "metadata": {
            "operationMetadataId": "015b6e83-b0e4-464b-9958-199a54092dd5"
          },
          "type": "Response",
          "kind": "Http",
          "inputs": {
            "statusCode": 200,
            "body": "@body('HTTP')",
            "schema": {
              "type": "array",
              "items": {
                "type": "object",
                "properties": {
                  "id": {
                    "type": "integer"
                  },
                  "season": {
                    "type": "integer"
                  },
                  "week": {
                    "type": "integer"
                  },
                  "season_type": {
                    "type": "string"
                  },
                  "start_date": {
                    "type": "string"
                  },
                  "start_time_tbd": {
                    "type": "boolean"
                  },
                  "completed": {
                    "type": "boolean"
                  },
                  "neutral_site": {
                    "type": "boolean"
                  },
                  "conference_game": {
                    "type": "boolean"
                  },
                  "attendance": {
                    "type": "integer"
                  },
                  "venue_id": {
                    "type": "integer"
                  },
                  "venue": {
                    "type": "string"
                  },
                  "home_id": {
                    "type": "integer"
                  },
                  "home_team": {
                    "type": "string"
                  },
                  "home_conference": {
                    "type": "string"
                  },
                  "home_division": {
                    "type": "string"
                  },
                  "home_points": {
                    "type": "integer"
                  },
                  "home_line_scores": {
                    "type": "array",
                    "items": {
                      "type": "integer"
                    }
                  },
                  "home_post_win_prob": {
                    "type": "integer"
                  },
                  "home_pregame_elo": {
                    "type": "integer"
                  },
                  "home_postgame_elo": {
                    "type": "integer"
                  },
                  "away_id": {
                    "type": "integer"
                  },
                  "away_team": {
                    "type": "string"
                  },
                  "away_conference": {
                    "type": "string"
                  },
                  "away_division": {
                    "type": "string"
                  },
                  "away_points": {
                    "type": "integer"
                  },
                  "away_line_scores": {
                    "type": "array",
                    "items": {
                      "type": "integer"
                    }
                  },
                  "away_post_win_prob": {
                    "type": "integer"
                  },
                  "away_pregame_elo": {
                    "type": "integer"
                  },
                  "away_postgame_elo": {
                    "type": "integer"
                  },
                  "excitement_index": {
                    "type": "integer"
                  },
                  "highlights": {
                    "type": "string"
                  },
                  "notes": {
                    "type": "string"
                  }
                },
                "required": [
                  "id",
                  "season",
                  "week",
                  "season_type",
                  "start_date",
                  "start_time_tbd",
                  "completed",
                  "neutral_site",
                  "conference_game",
                  "attendance",
                  "venue_id",
                  "venue",
                  "home_id",
                  "home_team",
                  "home_conference",
                  "home_division",
                  "home_points",
                  "home_line_scores",
                  "home_post_win_prob",
                  "home_pregame_elo",
                  "home_postgame_elo",
                  "away_id",
                  "away_team",
                  "away_conference",
                  "away_division",
                  "away_points",
                  "away_line_scores",
                  "away_post_win_prob",
                  "away_pregame_elo",
                  "away_postgame_elo",
                  "excitement_index",
                  "highlights",
                  "notes"
                ]
              }
            }
          }
        }
      },
      "outputs": {}
    },
    "templateName": ""
  },
  "schemaVersion": "1.0.0.0"
}