{"__Version":"0.1","App":"ab37f211-82f6-4e72-b1c3-bf35cfa958da","Test_7F478737223C4B69":"21ddd94f-61ab-4e85-bbba-ae040bb1e827","Host":"bdb95c8f-3367-4cc6-a2c3-dce9405e858d","SCREEN_TEAM_RANKINGS":"642d9120-4e46-43bb-972b-a1255b29f8a0","CONTAINER_TEAM_RANKINGS_MAIN":"d6ffedfa-8ad2-4a0d-a0c1-b825e5e04314","CONTAINER_TEAM_RANKINGS_MAIN_HEADER":"aa274f35-7c8a-43b7-8015-d7d0d3ea5586","IMAGE_TEAM_RANKINGS_LOGO":"b4771ed4-ce6f-47d3-97dd-217d38d28b81","LABEL_TEAM_RANKINGS_APP_NAME":"7ecf5f88-1a51-4ce9-9f9a-1db68440fe57","CONTAINER_TEAM_RANKINGS_NAV_HEADER":"887c5623-be72-4568-8520-f0f689229327","COMPONENT_TEAM_RANKINGS_PIVOT_NAV_MENU":"43c0325f-41ff-4842-85e4-0dff2676406b","CONTAINER_TEAM_RANKINGS_MAIN_BODY_SEARCH":"ab276462-15b4-43b3-9d6e-9165d7f95dc0","COMPONENT_TEAM_RANKINGS_MAIN_BODY_SEARCH":"b5b6d85a-a81e-4f8f-baaa-e0459b73cc52","COMBOBOX_TEAM_RANKINGS_YEAR":"61584642-6e23-4a88-aa1c-edcf3d7df01e","COMBOBOX_TEAM_RANKINGS_WEEK":"a1baced8-ec00-40de-913d-bc3b559abd91","ICON_TEAM_RANKING_RELOAD":"53f80dff-054c-4a2e-aa4b-f1815ff42a62","CONTAINER_TEAM_RANKINGS_MAIN_BODY":"764198da-36fe-49ed-a84d-e49a0618951b","COMPONENT_TEAM_RANKINGS_MAIN_BODY_DETAILS_LIST":"f98378b0-06f9-4786-8180-111ef8a8dc92","TEAM_RANKINGS_school":"e39c2732-035e-4b9c-9cc9-194b18788258","TEAM_RANKINGS_division":"c519c679-bd83-497d-a989-635b67f5a6f1","TEAM_RANKINGS_conference":"f777372f-1cd9-4057-812d-6be09871584e","TEAM_RANKINGS_location":"77c260dd-8cd2-475c-a1aa-895dd0a5a5e1","TEAM_RANKINGS_mascot":"d042e31c-bc36-458b-b738-4b7131f327c1","TEAM_RANKINGS_PrimaryLogo":"be48324f-2c28-4e35-95e1-a1d2239f4a86","TEAM_RANKINGS_APPollRank":"ccf526f9-b608-4b8e-97ee-02119483c4ab","TEAM_RANKINGS_CFPPollRank":"4705d399-e4b4-45d8-8bac-ad1c19daacf7","TEAM_RANKINGS_CoachesPollRank":"3feaa146-b7d3-4f30-a0dd-6cc88449a757","TEAM_RANKINGS_Record":"525c3185-88e3-4471-95d0-38a16fb5d1b7","TEAM_RANKINGS_ELORating":"c8223540-f53a-4363-82dd-737bdbc4124f","TEAM_RANKINGS_SPRating":"cb3a3042-46f1-4706-b01a-ea333cf31bd2","TEAM_RANKINGS_SRSRating":"4c059f59-90db-449f-999e-65e8451b45a6","TEAM_RANKINGS_TalentComp":"3b4ef6e8-8b0b-4e17-b198-3dfaa82af0e8","CONTAINER_TEAM_RANKINGS_SPINNER":"285921c8-116c-428b-ac7b-6d7773a8412e","COMPONENT_TEAM_RANKINGS_SPINNER":"1c376201-26eb-4948-9dde-ac5162a8c72e","CONTAINER_POP_UP_INSTRUCTIONS_TEAM_RANKINGS":"ec61364a-f353-4a3e-b471-553d3639ee6f","LABEL_POP_UP_INSTRUCTIONS_TEAM_RANKINGS":"1cf071e8-9436-4a95-aa76-5606ef1cdbfa","ICON_TEAM_RANKING_INSTRUCTIONS_RELOAD":"4066319e-a078-4dbf-8916-e7617f9a9690","SCREEN_PICK_EM":"b341d363-9050-4d93-a581-301200eacbaa","CONTAINER_PICK_EM_MAIN":"6c276d4f-409a-430c-8a69-aef06d6dd362","CONTAINER_PICK_EM_MAIN_HEADER":"d194088c-ad10-48a8-b0e7-0744c088e694","IMAGE_PICK_EM_LOGO":"00a69f2b-8912-4740-99da-94e5b1d5e3aa","LABEL_PICK_EM_APP_NAME":"6588eb71-8558-45a4-8fa3-a89d00cbc67e","CONTAINER_PICK_EM_NAV_HEADER":"5baf1d3b-e55a-4c89-a148-3da4f06b698c","COMPONENT_PICK_EM_PIVOT_NAV_MENU":"ff15783c-3a18-49d6-a931-af2b778d1192","CONTAINER_PICK_EM_MAIN_BODY_SEARCH":"b3d603f6-ec16-4980-b574-05d6ce7d4c8d","COMPONENT_PICK_EM_MAIN_BODY_SEARCH":"200e2fd0-b720-4d45-bb46-ebe9446a80f3","COMBOBOX_PICK_EM_YEAR":"23bece1f-9d4e-4cdf-8fb2-6dcdc2269a40","COMBOBOX_PICK_EM_WEEK":"533e45d2-1dab-46bf-9851-b4344c3a57e6","ICON_PICK_EM_RELOAD":"22134bb4-34d8-405d-b024-41e8ce3ab87d","CONTAINER_PICK_EM_MAIN_BODY":"5f461c57-14c1-432b-9d95-bd0f88710eec","GALLERY_PICK_EM":"29598533-4908-475f-8756-2d7a77e5ae99","galleryTemplate1_1":"caf2f651-7d6f-4993-ad6b-cd152d2b882a","COMPONENT_ELEVATION_PICK_EM":"80c8b9e0-4ec3-45c8-920e-c0b381b82681","CONTAINER_PICK_EM_CARD":"2a6ba897-6cc1-49ad-8979-6d42fc228dea","CONTAINER_PICK_EM_CARD_HEADER":"c2f1e2ed-c412-4d2e-8d12-29f6c3053eb0","LABEL_PICK_EM_CARD_TITLE":"b658d611-b99f-4a97-b715-c90bc58ac3d1","CONTAINER_PICK_EM_CARD_HEADER_ICONS":"a816dd23-6905-4f9a-9250-6cb16c5256d2","COMPONENT_ICON_PICK_EM_ADVANCED_ANALYTICS_MATCHUP":"45bd8f40-fb73-4a24-b117-d8d108277086","COMPONENT_ICON_PICK_EM_ADVANCED_ANALYTICS_POSTGAME":"81e304a9-bd5c-4382-9dc2-740df06a6039","COMPONENT_ICON_PICK_EM_ADVANCED_CLEAR_PICKS":"dd8727d8-8bda-41ec-879e-d91468d69eaf","CONTAINER_PICK_EM_TABLE_HEADER":"fe7af422-42de-4899-b8ee-13e4dfa99cc8","CONTAINER_PICK_EM_CARD_BODY":"feae37c8-e648-4e9a-bb47-ec3de5509a77","CONTAINER_PICK_EM_CARD_BODY_SCHOOL_IMAGES":"05c8ed40-be21-4241-8f34-6f16d27989cc","IMAGE_PICK_EM_AWAY":"29cee83b-2fbb-435c-a61f-c7582d5408c1","IMAGE_PICK_EM_HOME":"9cf64826-c681-4261-a54d-eb5a4bdde7d7","CONTAINER_PICK_EM_CARD_BODY_SCHOOLS":"b2ec86ba-4865-4d5a-b20f-d8b510ffad28","LABEL_PICK_EM_AWAY":"10f76690-b0ad-432b-9090-e622a5f9274d","LABEL_PICK_EM_HOME":"e661a75d-187d-496d-8fb2-bbe9bc6be7c1","CONTAINER_PICK_EM_CARD_BODY_MATCHUP":"e1599735-706b-41f9-82c7-d1bf1aca2a33","LABEL_PICK_EM_MATCH_UP":"8bbddb48-6105-43d9-b8fb-0ed06f4ea675","CONTAINER_PICK_EM_CARD_BODY_SPREAD":"bd8d0386-430d-4af8-bef0-ca16b0e0c104","LABEL_PICK_EM_SPREAD":"cf1cfba9-b8d9-4d36-b8fd-f70b89e94fa3","BUTTON_PICK_EM_SPREAD_AWAY":"4fc239de-e066-4016-9e2d-23235a112748","BUTTON_PICK_EM_SPREAD_HOME":"6e66347b-79d5-4bb7-8212-6bd6bf20c7ca","CONTAINER_PICK_EM_CARD_BODY_TOTAL":"718ac83e-ca50-4131-9bde-7eab2df91475","LABEL_PICK_EM_OVER_UNDER_TOTAL":"bb9b18b7-c531-466e-8a06-7220c086c159","BUTTON_PICK_EM_OVER":"d501cfc4-cb5f-4ace-94b1-ca93717e01fd","BUTTON_PICK_EM_UNDER":"d3a40465-de81-4bcc-a179-3dc903f137a6","CONTAINER_PICK_EM_CARD_BODY_LINE":"75d13fe9-2205-4ad8-b373-1367fe0be4f7","LABEL_PICK_EM_MONEYLINE":"b21cf3c6-b12e-430a-b90f-f88bb68b49df","BUTTON_PICK_EM_MONEYLINE_AWAY":"562c7b8f-ff0e-42fb-bf93-b95e136e3407","BUTTON_PICK_EM_MONEYLINE_HOME":"40ae641c-a005-458e-bc39-3fc598cf0837","CONTAINER_PICK_EM_CARD_BODY_FINAL":"5ddb4797-3da6-48e4-a346-47a37c54505e","LABEL_PICK_EM_FINAL":"1b7516da-d703-48ad-a59d-fa57fdba4472","LABEL_PICK_EM_AWAY_SCORE":"e1dcd106-4589-4bf5-b832-36e9b4d2d272","LABEL_PICK_EM_HOME_SCORE":"481ffa9b-8734-4a1d-bc32-05f7b7cd92bc","CONTAINER_PICK_EM_CARD_FOOTER":"f56d5b0b-0e48-468b-9114-dc9835fb8f78","COMPONENT_ICON_PICK_EM_DATE_TIME":"428f24eb-5674-46e6-9ce1-b6a1820a9a60","COMPONENT_ICON_PICK_EM_NETWORK":"bdb00445-d770-43ca-9431-37385287adb0","COMPONENT_ICON_PICK_EM_VENUE":"9e263485-648b-42d5-829c-d94a0accbf12","CONTAINER_POP_UP_INSTRUCTIONS_PICK_EM":"b4be360c-f32d-442f-87f7-1967184853a9","LABEL_POP_UP_INSTRUCTIONS_PICK_EM":"60a85289-f6e5-4d72-96a8-9604ec5395b1","ICON_PICK_EM_INSTRUCTIONS_RELOAD":"9023a86b-09aa-4ffc-b6ac-f25d44f34467","CONTAINER_PICK_EM_SPINNER":"b25ec639-fe16-4903-9aed-b1a6caa28cff","COMPONENT_PICK_EM_SPINNER":"ee20c39c-cd79-4fa4-b541-33ae2a2bdc3e","SCREEN_ANALYTICS_MATCH_UP":"216db445-b61f-4494-8ab0-4f7cfe93819e","CONTAINER_ANALYTICS_MATCH_UP_MAIN":"c1a5f9d5-f7b2-4a0c-a2a3-e1118c9262e5","CONTAINER_ANALYTICS_MATCH_UP_NAV_HEADER":"dc0caa19-0c8a-4826-8864-ca66e77d4338","COMPONENT_ANALYTICS_MATCH_UP_PIVOT_NAV_MENU":"7ece4b1c-b584-4473-8a9c-b95fd6e6279f","LABEL_ANALYTICS_MATCH_UP_TITLE":"ba67b9d2-5a58-41e4-aeaa-ac5ccc81fb6f","CONTAINER_ANALYTICS_MATCH_UP_TEAMS":"4f1ae5a8-a382-41e0-8b80-023c9099683d","IMAGE_MATCH_UP_TEAMS_AWAY":"b7578460-5511-4eac-843e-2c8053d7090d","LABEL_MATCH_UP_TEAMS_AWAY":"18cdca2b-58e9-4401-ad8c-104b744289a2","BUTTON_MATCH_UP_MONEYLINE_AWAY":"503ec7ab-df86-491e-a223-000e9e30746e","BUTTON_MATCH_UP_OVER_AWAY":"144286dd-6c8b-45b6-a0ab-57d2e61533a1","BUTTON_MATCH_UP_SPREAD_AWAY":"23168bec-413a-4249-9705-1f325f7f1959","CONTAINER_ANALYTICS_MATCH_UP_TEAMS_MATCHUP":"4a938b99-06e9-4aec-b12e-aa8b70b729f5","LABEL_MATCH_UP_AWAY_SCORE":"4107fc67-336e-45c9-8548-9472424fc8fd","LABEL_ANALYTICS_MATCH_UP_TEAMS_MATCHUP":"f73c8f0b-b1d3-44df-b2ad-8b40749f0985","LABEL_MATCH_UP_HOME_SCORE":"bbf9219d-ec02-4016-97ef-dbbc5b150815","BUTTON_MATCH_UP_SPREAD_HOME":"d9e972f9-ce40-43f4-9fcb-e36b4f774709","BUTTON_MATCH_UP_UNDER_HOME":"ca68b1a9-0350-4efb-ae43-d9906131b07c","BUTTON_MATCH_UP_MONEYLINE_HOME":"38cbd8ab-0d15-4ae9-8d21-dac86a46c386","LABEL_MATCH_UP_TEAMS_HOME":"4bb8614a-1ffe-4276-a821-1b503b86646f","IMAGE_MATCH_UP_TEAMS_HOME":"dde05f3f-915b-4a8e-9894-285bb9a07329","CONTAINER_ANALYTICS_MATCH_UP_GAME":"bc483348-f50f-43cc-86ae-8b147c77a10e","CONTAINER_ANALYTICS_MATCH_UP_PROBABILITY":"08560d93-5a64-4d36-8a14-c8898a06af3f","LABEL_ANALYTICS_MATCH_UP_PROBABILITY_AWAY":"d8316bd8-3111-483b-b697-ded8118bebf3","LABEL_ANALYTICS_MATCH_UP_PROBABILITY_HOME":"770f4145-56b6-406b-8dd7-de4d85362721","CONTAINER_ANALYTICS_MATCH_UP_INFO":"f16b6f3c-ef3a-4e7f-bcff-e66fce6a7530","LABEL_ANALYTICS_MATCH_UP_INFO":"6f05b5b4-109c-486c-a6e5-23a496c7155a","CONTAINER_ANALYTICS_MATCH_UP_AWAY_O_HOME_D":"5b92d545-b1e7-4ae5-8206-122ef2d2e47f","COMPONENT_ELEVATION_AOHD":"93fa0e20-bef8-4f7b-bf30-8f12c84d61c7","CONTAINER_GROUP_ANALYTICS_MATCH_UP_AWAY_D_HOME_O":"86b1fbc3-3005-4899-b078-5b2ef23ba09f","LABEL_ADHO_HEADER":"4d20a2ba-f80e-4c05-91bd-ce824b4930e5","LABEL_ADHO_DEFENSE":"e1147b6a-a16d-4e70-b12e-61726f4a9ed0","LABEL_ADHO_OFFENSE":"1113abcf-aeb9-4672-bfdf-20077b4f7b4f","LABEL_ADHO_HEADER_EDGE":"d1309953-72a9-4732-b38e-b08aa4fc8fa5","LABEL_ADHO_OVERALL_SUCCESS_RATE":"77fbcf12-631c-4733-935a-cee02d20b094","LABEL_ADHO_DEFENSE_OVERALL_SUCCESS_RATE":"455dbaec-9c15-4c82-94bf-6da3379d54ca","LABEL_ADHO_OFFENSE_OVERALL_SUCCESS_RATE":"d3c2935d-374e-49ff-8728-2a29604eb51b","LABEL_ADHO_OVERALL_SUCCESS_RATE_EDGE":"7ae40e4e-c6b3-4c5c-be2e-3fae4a2be249","IMAGE_ADHO_OVERALL_SUCCESS_RATE_EDGE":"8054aef8-be05-48e0-bcae-1c0169996bb6","LABEL_ADHO_RUSH_RATE":"03529ba4-551e-45e1-a411-81fc387bea1d","LABEL_ADHO_DEFENSE_RUSH_RATE":"91448d7a-17e5-4bb8-a416-c5e9129ef8ea","LABEL_ADHO_OFFENSE_RUSH_RATE":"6884492f-ebfb-437a-9cd3-d4d20a792d90","LABEL_ADHO_RUSH_RATE_EDGE":"307a1f12-343b-45ca-8e0e-44c7d8da4ee4","IMAGE_ADHO_RUSH_RATE_EDGE":"e84af673-a05f-430e-b5f2-e3fb8cbae847","LABEL_ADHO_PASS_RATE":"0b727d67-8215-469a-9483-f26c9ddc2aa0","LABEL_ADHO_DEFENSE_PASS_RATE":"b3c355f3-86b9-46a4-a7da-e15bf118a29c","LABEL_ADHO_OFFENSE_PASS_RATE":"91cfaec6-2a85-4774-86cc-d87794bde609","LABEL_ADHO_PASS_RATE_EDGE":"8ec9f990-b101-4018-944c-37621207707d","IMAGE_ADHO_PASS_RATE_EDGE":"c405d24c-bcae-4e5d-bd08-b32e85ea3fb0","LABEL_ADHO_EXPLOSIVENESS":"fa1a776d-c65d-481d-a94b-83b0f890916d","LABEL_ADHO_DEFENSE_EXPLOSIVENESS":"2f7d35f2-492b-4f73-be37-46f35f927ef5","LABEL_ADHO_OFFENSE_EXPLOSIVENESS":"d0ffded1-ce21-41b3-81d3-601c0561f7df","LABEL_ADHO_EXPLOSIVENESS_EDGE":"a170f561-e72e-44c0-b85c-cd9e235f3a5f","IMAGE_ADHO_EXPLOSIVENESS_EDGE":"7e402cdf-7a6c-451d-b392-768d04e0a107","LABEL_ADHO_HAVOC_RATE":"4f6f8012-27aa-4498-94fd-5d7eb74ed6ab","LABEL_ADHO_DEFENSE_HAVOC_RATE":"855cffd8-39fd-4e59-903b-710fe598ddf0","LABEL_ADHO_OFFENSE_HAVOC_RATE":"bf628c11-436b-4b5c-ac3a-29a36a4ba58d","LABEL_ADHO_HAVOC_RATE_EDGE":"95b3abd4-5309-44d7-a9ac-5db4a7f76797","IMAGE_ADHO_HAVOC_RATE_EDGE":"a114ce72-9ace-4630-8366-f8b9403b29ea","LABEL_ADHO_STUFF_RATE":"399d3cd0-15ba-4f95-a576-a89a3f4bae66","LABEL_ADHO_DEFENSE_STUFF_RATE":"4932926c-2764-498a-aa07-dd29cb09978e","LABEL_ADHO_OFFENSE_STUFF_RATE":"5c070cd4-2c14-4498-8905-33b225fd54ec","LABEL_ADHO_STUFF_RATE_EDGE":"050c0e82-832d-4d88-b020-287b7168daa1","IMAGE_ADHO_STUFF_RATE_EDGE":"ca4b779b-e53a-4820-9347-3b6adcada67d","LABEL_ADHO_SUCCESS_RATE_EDGE":"8b75f08a-081b-4e25-ad21-c5346aa0d5fe","IMAGE_ADHO_SUCCESS_RATE_EDGE":"7f520f6b-10e0-419f-8e56-b2421f1167da","LABEL_ADHO_POINTS_PER_OPP":"49b69054-25dd-4f2c-90c1-8114c58539b5","LABEL_ADHO_DEFENSE_POINTS_PER_OPP":"a35c29aa-2e7b-46de-b1ce-448d2b210e58","LABEL_ADHO_OFFENSE_POINTS_PER_OPP":"cdf6c9cb-8229-49c5-bf8a-840e14745e6f","LABEL_ADHO_POINTS_PER_OPP_EDGE":"508b4a65-4629-424a-82ff-3c387cdfcd6d","IMAGE_ADHO_POINTS_PER_OPP_EDGE":"a093397a-06a7-44d7-acae-23f8a6b3648b","LABEL_ADHO_TOTAL_OPPORTUNITIES":"471e4429-89c1-42f8-8f1b-626ee8ff56b2","LABEL_ADHO_DEFENSE_TOTAL_OPP":"c262d0c2-0706-45d8-8816-8265d9c81078","LABEL_ADHO_OFFENSE_TOTAL_OPP":"fa2d4efb-f2c9-49c3-a738-6f9a6fa01860","LABEL_ADHO_TOTAL_OPP_EDGE":"e817d8c2-a104-44db-a1d3-ff4900dd580f","IMAGE_ADHO_TOTAL_OPP_EDGE":"792ea2aa-4f63-4828-aba7-bd6dcc5f7489","LABEL_ADHO_RANK":"84cdc4a9-ec16-40d3-8e01-7402cdbe26b5","LABEL_ADHO_DEFENSE_RANK":"99bb3d80-4a8a-4ae6-8da6-fe3bf846699b","LABEL_ADHO_OFFENSE_RANK":"3173d93b-d6f3-4f09-9666-b29c6b6b4583","LABEL_ADHO_RANK_EDGE":"3eb882ff-652f-49d8-a26e-5b552d686693","IMAGE_ADHO_TOTAL_RANK_EDGE":"a7627c0d-281d-499f-a9b5-51adfd7f81df","GROUP_ANALYTICS_MATCH_UP_AWAY_D_HOME_O":"5387bc66-6ffb-4d8e-beee-a3321607f491","CONTAINER_ANALYTICS_MATCH_UP_AWAY_D_HOME_O":"7c0e7f7c-90a9-4e75-b6b6-24c466dc59b0","COMPONENT_ELEVATION_ADHO":"c08995fb-302d-43d4-9f86-a2638de96cc9","CONTAINER_GROUP_ANALYTICS_MATCH_UP_AWAY_O_HOME_D":"59000a28-be25-4745-8f8e-f1b574fb1941","LABEL_AOHD_HEADER":"f6ecd0e5-66fb-409f-b930-1fd4160fc3ce","LABEL_AOHD_OFFENSE":"f78a1818-2f04-414a-bfa4-5c8db0a3d433","LABEL_AOHD_DEFENSE_HEADER":"444f2e74-08ea-49fd-b6c8-0a6d30034d90","LABEL_AOHD_EDGE_HEADER":"41881e07-387e-422f-b484-b382c8abfcc9","LABEL_AOHD_SUCCESS_RATE_OVERALL":"fa86631b-5f31-4260-ae0f-87d2a89c9627","LABEL_AOHD_OFFENSE_SUCCESS_RATE_OVERALL":"4b1dc99c-d9df-4fcc-b937-8602ebe9e4d3","LABEL_AOHD_DEFENSE_SUCCESS_RATE_OVERALL":"c4bb7d58-bbaa-485c-a0e5-ef5c025271e6","LABEL_AOHD_SUCCESS_RATE_OVERALL_EDGE":"21fbcbe3-0929-4c03-ae5c-55f602d979bc","IMAGE_AOHD_SUCCESS_RATE_OVERALL":"d9b4e1d7-fbaf-444a-89e2-b62fba638855","LABEL_AOHD_RUSH_RATE_@_SUCCESS":"415126bf-680f-4b22-b4a2-90d278d39d3f","LABEL_AOHD_OFFENSE_RUSH_RATE":"5f461e10-45bf-4bbd-924a-62f589a1e1d7","LABEL_AOHD_DEFENSE_RUSH_RATE":"a6658a41-162d-4f59-9d62-f9b075d81fb9","LABEL_AOHD_RUSH_RATE":"1066b47f-4a6c-4a7a-8a17-4b7dd2a0cba8","IMAGE_AOHD_RUSH_RATE":"63bd577a-0d5e-4bf3-a6d6-8a35a134325b","LABEL_AOHD_PASS_RATE_@_SUCCESS":"acc56786-29c9-4c49-9b3c-e237db30b80a","LABEL_AOHD_OFFENSE_PASS_RATE":"0952aa85-fb88-4add-9243-fa533a9bc446","LABEL_AOHD_DEFENSE_PASS_RATE":"6c2d95cb-7063-4ad8-bfc9-1d9f3e5731be","LABEL_AOHD_PASS_RATE_EDGE":"2b6190af-9a0c-4283-aa1b-a4b788cb4326","IMAGE_AOHD_PASS_RATE":"5e06fe54-43d6-4f11-89e1-80d38acc9c5d","LABEL_AOHD_EXPLOSIVENESS":"fbd8acb1-b553-4b45-a21e-e6e6cf8376f0","LABEL_AOHD_OFFENSE_EXPLOSIVENESS":"ccdc8c54-bdfd-4705-8394-71cc2b2e582a","LABEL_AOHD_DEFENSE_EXPLOSIVENESS":"0d4cc949-9b84-496c-af20-c281e9ab4590","LABEL_AOHD_EXPLOSIVENESS_EDGE":"85eb0706-be49-4b9c-8d93-64e6c7d5a424","IMAGE_AOHD_EXPLOSIVENESS":"ca375cf4-6ebe-4bf8-a3e2-3c4356798bf6","LABEL_AOHD_HAVOC_RATE":"8db6e132-bea0-425e-94d6-7335106c882e","LABEL_AOHD_OFFENSE_HAVOC_RATE":"1611a513-b1a4-4f7c-92bf-03d084a94632","LABEL_AOHD_DEFENSE_HAVOC_RATE":"2d3d734b-ce4b-4613-ab79-c570b170b452","LABEL_AOHD_HAVOC_EDGE":"2d9a139b-4da1-40e7-9a19-ae9813e723e4","IMAGE_AOHD_HAVOC_RATE":"de88f32b-059c-4383-954c-0bbf75b4465a","LABEL_AOHD_STUFF_RATE":"7fe1951d-ff10-4cda-a681-e9ba17ee5cff","LABEL_AOHD_OFFENSE_STUFF_RATE":"868a00eb-65d0-4629-bdff-6eb2610812e4","LABEL_AOHD_DEFENSE_STUFF_RATE":"b305012d-038f-4e8b-8010-e868768dede6","LABEL_AOHD_STUFF_RATE_EDGE":"7662b720-37f6-4a7c-b4f2-3557eb2184b0","IMAGE_AOHD_STUFF_RATE":"c4146b5c-27aa-402f-a617-86303d6b4118","LABEL_AOHD_POWER_SUCCESS_RATE_EDGE":"69f00b15-c285-4ea7-b10e-e5fd48930abe","IMAGE_AOHD_POWER_SUCCESS_RATE_EDGE":"94bbe75c-a774-4b7e-bbd1-cb09480e0e4e","LABEL_AOHD_POINTS_PER_OPP":"564fd311-1c46-4ccb-acea-4234794047fc","LABEL_AOHD_OFFENSE_POINTS_PER_OPP":"702b38af-87fd-4838-bf61-5a1084e4c61d","LABEL_AOHD_DEFENSE_POINTS_PER_OPP":"caeb3d9a-931d-457c-bea9-f65223510477","LABEL_AOHD_POINTS_PER_OPP_EDGE":"46037353-58e3-44a2-830c-773b50f3ef50","IMAGE_AOHD_POINTS_PER_OPP":"3a015373-f5c9-48d5-ae06-a590ca167be6","LABEL_AOHD_TOTAL_OPPORTUNITIES":"1aac7e99-4e89-4bdf-8b4c-575cdcdd22fa","LABEL_AOHD_OFFENSE_POINT_PER_OPP":"c223281b-3041-4317-9e4f-43f8a6663120","LABEL_AOHD_DEFENSE_TOTAL_OPPPRTUNITIES":"d7ed72c6-b464-4039-badf-3f0a4c36703c","LABEL_AOHD_TOTAL_OPPORTUNITIES_EDGE":"2e7082f4-bce6-4977-a144-38c79af64cb0","IMAGE_AOHD_TOTAL_OPPORTUNITIES":"ce892d3b-f4f0-4204-9c28-a1c6256e1398","LABEL_AOHD_TOTAL_RANK":"c2e35362-018d-44c0-bd3a-7e9666854664","LABEL_AOHD_OFFENSE_RANK":"dace2a02-4b48-44d1-bd47-5fcf0e9cb632","LABEL_AOHD_DEFENSE_RANK":"d51c5e5b-fd6f-4692-a0b3-d907941de27d","LABEL_AOHD_RANK_EDGE":"7d565031-df13-43d2-808f-865aafbb532e","IMAGE_AOHD_TOTAL_RANK_EDGE":"7ff92f08-7ed1-49d4-9129-eb3dbba3b531","GROUP_ANALYTICS_MATCH_UP_AWAY_O_HOME_D":"4f6e4609-7b36-4bf5-8968-48225477b5d1","SCREEN_TEAM_STATS":"ca34c28d-8cf0-436e-81cd-1006528c4388","CONTAINER_TEAM_STATS":"8006aaaa-1282-4aa6-9481-18be3a3d9735","CONTAINER_TEAM_STATS_MAIN_HEADER":"b5b29302-8365-40c3-8ddf-164df88e4118","IMAGE_TEAM_STATS_LOGO":"4a2429d1-5f05-4282-8ed2-2ca97e4a4d7c","LABEL_TEAM_STATS_APP_NAME":"8e1e06a0-f799-434a-8ea6-f309cfc9605c","CONTAINER_TEAM_STATS_NAV_HEADER":"b3de4eb2-5641-4366-83c6-312f3016467d","COMPONENT_TEAM_STATS_PIVOT_NAV_MENU":"096d5bf3-251d-4de3-9897-9de1bfafe887","CONTAINER_TEAM_STATS_MAIN_BODY_SEARCH":"8f09ccca-5e52-4c18-a547-2d4c9fd56d10","COMBOBOX_TEAM_STATS_TEAM":"2346497a-56e4-4735-9a55-616c31f74f1f","COMBOBOX_TEAM_STATS_YEAR":"bc2eed7a-7a55-42c3-af0e-f61bf6ea4bef","ICON_TEAM_STATS_RELOAD":"d4f1a20a-fcca-4aa9-971d-0dc7bf2432d2","CONTAINER_TEAM_STATS_MAIN_BODY":"10005643-d189-4fd2-9f4d-1e4eda96a1fb","CONTAINER_TEAM_STATS_MAIN_SCHEDULE":"65bb1731-864c-4f9c-9ed8-efdf1e9bd688","CONTAINER_TEAM_STATS_MAIN_SCHEDULE_HEADER":"d4db29b1-28ef-4c1a-8039-534769859c55","IMAGE_TEAM_STATS_MAIN_HEADER_LEFT":"cae8f296-73d1-4b7a-9ade-01ecd9d74ea5","LABEL_TEAM_STATS_MAIN_SCHEDULE_MASCOT":"d0c967e1-0fca-413e-a15c-12b1cde1a880","LABEL_TEAM_STATS_MAIN_SCHEDULE_MASCOT_RECORD":"2c00583e-7ae4-4cd6-8c57-62c3a05d803e","COMPONENT_DETAILS_LIST_TEAM_STATS_MAIN_SCHEDULE":"0b45080a-2b4d-4a2a-b1ca-e7dd1711de49","TEAM_STATS_MatchUp":"adea084e-8895-4332-b44a-b1aec101a5db","TEAM_STATS_week":"37fa5607-52f0-4c27-8dc3-8d47fadee75b","TEAM_STATS_Opponent":"5405c769-f0a1-4d50-9cd9-46f113016dd6","TEAM_STATS_GameResult":"5aa3fcf8-9c4a-4a35-ab86-e118bc45a09d","TEAM_STATS_PrimaryLogo":"7e919c3a-903e-43b2-8879-ab3f4bbd7d8f","TEAM_STATS_GameAppt":"760e9fbc-f3a8-459e-b654-8c15f4fb5197","TEAM_STATS_Postgame":"8dd16948-daf1-402a-a9ef-aa16e0a8374d","TEAM_STATS_Matchup":"9fe20ed0-c4ae-404a-83e5-151ecda36f2a","CONTAINER_TEAM_STATS_MAIN_BODY_TEAM_STATS":"1a7b90ff-d45d-4cae-a278-39f13b639eed","CONTAINER_TEAM_STATS_MAIN_TEAM_STATS":"56916855-dc6a-4324-90cd-d7610bb71c62","LABEL_TEAM_STATS_MAIN_TEAMS_STATS":"6c1a0748-d1a7-460f-b586-4d86b985fdd8","COMPONENT_SEARCH_TEAM_STATS_MAIN_BODY_TEAM_STATS":"642bba2b-c033-4632-a588-104a1b6b0b66","COMPONENT_LIST_TEAM_STATS_MAIN_BODY_TEAM_STATS":"34304a60-e53e-4983-be41-28d10dc9d64e","TEAM_STATS_statName":"89e402ba-da45-44e0-87ad-df0f71c0db92","TEAM_STATS_statValue":"7b08b056-300d-42e5-986b-e02535760b42","CONTAINER_TEAM_STATS_MAIN_BODY_PLAYER_STATS":"bff65a8e-2f20-4479-ab02-d931f519823c","CONTAINER_TEAM_STATS_MAIN_PLAYER_STATS":"67b9907e-e15f-41e6-96f7-ee8a189781cf","LABEL_TEAM_STATS_MAIN_PLAYER_STATS":"86d828d7-9595-41c2-9557-8258b5846987","COMPONENT_SEARCH_TEAM_STATS_MAIN_BODY_PLAYER_STATS":"f449cff1-464f-42d6-b98e-fed87b22d10a","CONTAINER_TEAM_STATS_MAIN_PLAYER_STATS_FILTERS":"a4b1b086-4799-4803-b2c8-22d7061e57d2","COMBOBOX_TEAM_STATS_TEAM_CATEGORY_FILTER":"937ac722-f9c3-4a3b-9b00-e29225ccd2b4","COMBOBOX_TEAM_STATS_TEAM_TYPE_FILTER":"86ebce09-ceb3-4ce1-9bf4-3c4e92c3273e","COMPONENT_LIST_TEAM_STATS_MAIN_BODY_PLAYER_STATS":"b2a9d4da-3c6a-425a-97fd-ca8ab1860674","TEAM_STATS_category":"1fd454aa-03df-4b11-af30-7770946d1b74","TEAM_STATS_statType":"9b4b8ebf-3e9f-47e9-b1f9-5e3f8637ad69","TEAM_STATS_player":"ca6a95f9-5cae-4f99-a291-0840e423c3c5","TEAM_STATS_stat":"37df67a3-ea1e-4472-9c34-3435fc7a00bb","CONTAINER_POP_UP_INSTRUCTIONS_TEAM_STATS":"37aa9b5c-ff5e-418f-8a90-8aa7faaa571f","LABEL_POP_UP_INSTRUCTIONS_TEAM_STATS":"70c2d5b3-43d8-4eaf-89e9-e18813cee5b5","ICON_TEAM_STATS_INSTRUCTIONS_RELOAD":"b93137ac-8b80-4d4f-b95c-476f1b8c0f65","CONTAINER_TEAM_STATS_SPINNER":"0e60927b-83c0-4a33-9b6f-422529fe796f","COMPONENT_TEAM_STATS_SPINNER":"9280cfe0-f417-4dc8-8fd4-b00ada6a982e","SCREEN_MY_PICKS":"63c1364c-fcd9-4e29-bd8b-a3289eefca0a","CONTAINER_MY_PICKS":"3e8a427e-6533-4704-85a6-af944b3789cf","CONTAINER_MY_PICKS_MAIN_HEADER":"594e6c87-9798-4f35-ae21-a59889cdae0f","IMAGE_MY_PICKS_LOGO":"b24ef957-563f-4fe6-a093-aa17687a6b01","LABEL_MY_PICKS_APP_NAME":"1aab601f-8cdc-4f94-9896-70af428225f7","CONTAINER_MY_PICKS_NAV_HEADER":"fcff2971-5a6f-4604-a162-90feb60cd117","COMPONENT_MY_PICKS_PIVOT_NAV_MENU":"5f66d654-698f-49fc-a7de-97464959c8a8","CONTAINER_MY_PICKS_MAIN_BODY_SEARCH":"c48ad3e3-e312-4625-ae2d-0e69cc4ecf38","COMPONENT_SEARCH_MY_PICKS":"d95a1083-b4e2-4a78-9b69-7714a1ef6166","COMBOBOX_MY_PICKS_YEAR":"33c9ec6f-9dce-42bb-9ed7-e5e29381598d","CONTAINER_MY_PICKS_MAIN_BODY":"1f2b180e-0510-442a-88a6-f495c8fb9230","CONTAINER_MY_PICKS_MAIN_BODY_HEADER":"94cff185-7f4a-403e-80ba-cab456bb06b7","CONTAINER_MY_PICKS_SPREAD":"d8d19365-3360-4530-8348-b9a73577ff2f","CONTAINER_MY_PICKS_SPREAD_HEADER":"462da533-656f-4dfa-baea-422da9a4be45","LABEL_MY_PICKS_SPREAD_HEADER":"524b4e5a-b11f-4017-8483-106237e1efa1","CONTAINER_MY_PICKS_SPREAD_BODY":"0bd9f3cf-5d63-4ecd-aff5-4203b631c9bd","LABEL_MY_PICKS_SPREAD_PERCENT":"2b52b4ea-4914-4246-9218-de219f1b6afb","LABEL_MY_PICKS_SPREAD_FRACTION":"4e75158e-3d2c-4bfe-bcb3-7e9f72f0b832","CONTAINER_MY_PICKS_TOTAL":"0f1e1bdc-9697-402c-90f0-768b1a9939f2","CONTAINER_MY_PICKS_TOTAL_HEADER":"c65c9a53-5dca-460c-9634-943f8299d02c","LABEL_MY_PICKS_TOTAL_HEADER":"8ca98d44-95a9-44ff-9003-b88dc2a7b508","CONTAINER_MY_PICKS_TOTAL_BODY":"59054ac5-8fdb-4dbe-97a1-263db6a46b05","LABEL_MY_PICKS_TOTAL_PERCENT":"b94916f5-8eb2-49c5-ac28-fe01c5acfe4f","LABEL_MY_PICKS_TOTAL_FRACTION":"5589cb19-c3ad-49df-b249-3fc5b4134c39","CONTAINER_MY_PICKS_LINE":"98671059-aa00-4568-b70f-fc45b9dc1c64","CONTAINER_MY_PICKS_LINE_HEADER":"61698404-ab42-4334-9282-12ac270694e8","LABEL_MY_PICKS_LINE_HEADER":"49ba1935-e7fa-492d-a45f-59ef6a27e6d4","CONTAINER_MY_PICKS_LINE_BODY":"0e2854d3-296c-49b4-b57d-d7993cddaecc","LABEL_MY_PICKS_LINE_PERCENT":"908e7852-4fe0-4408-9a69-f0478ab98ddb","LABEL_MY_PICKS_LINE_FRACTION":"fc953a45-1b68-46ab-873c-c9a2fbc51069","CONTAINER_MY_PICKS_RETURN":"3df40a76-c428-4fb0-99d9-357df466edd2","CONTAINER_MY_PICKS_RETURN_HEADER":"eb02b629-5c3f-467e-a538-11ed2a52985b","LABEL_MY_PICKS_RETURN_HEADER":"671ea0c1-1c2b-4a41-94d3-4dfa145fbd09","CONTAINER_MY_PICKS_RETURN_BODY":"41ffccc1-1de0-48ff-bbc7-4872442a6f32","LABEL_MY_PICKS_RETURN_AMOUNT":"da5c58a8-291c-4b05-b263-1b8af8cf54d4","LABEL_MY_PICKS_RETURN_FRACTION":"623c89a3-86fc-4137-864d-4e2b565585e9","COMPONENT_DETAILS_LIST_MY_PICKS":"81e9ebf4-17b4-44c4-b238-7849ef5a6d08","MY_PICKS_pick_type":"6ea95120-7510-4107-bf70-f7d8a8a9a097","MY_PICKS_pick":"913a7a17-810d-4a06-b6f2-a79d5ea16f71","MY_PICKS_school":"651feac1-be39-48da-9970-72d30c001a73","MY_PICKS_week":"bfd77a22-062a-4d01-a06c-5410d0780e3a","MY_PICKS_season_type":"9fa44165-c363-40ee-8e7d-d96088914b85","MY_PICKS_ReturnFormat":"41ebc5ca-d911-4694-a64e-52f84ca3ecef","MY_PICKS_start_date":"b22738c0-9ce2-4aac-a886-d915b4325ef3","CONTAINER_POP_UP_INSTRUCTIONS_MY_PICKS":"83211ba7-71b3-4a06-a5c3-8c3a3271262f","LABEL_POP_UP_INSTRUCTIONS_MY_PICKS":"50a66494-eed2-4fe8-b21b-b958a49dd1f1","CONTAINER_MY_PICKS_SPINNER":"ccdcfa08-cc59-4817-9147-bac311b52ba9","COMPONENT_MY_PICKS_SPINNER":"8e37abc4-4d2e-473e-b366-014b5f593e43","SCREEN_LEADERBOARD":"551b6604-7acd-4074-b865-0460ee3d4652","CONTAINER_LEADERBOARD":"91ff7f0c-c4eb-4482-9549-3075ec119359","CONTAINER_LEADERBOARD_MAIN_HEADER":"d84a98f3-fbff-49c5-bc62-337ca652664b","IMAGE_LEADERBOARD_LOGO":"713dbf0d-198d-4e2a-b981-a135047bf18a","LABEL_LEADERBOARD_APP_NAME":"9fc2d2dc-c477-4c8c-8dd6-315b53a98cd7","CONTAINER_LEADERBOARD_NAV_HEADER":"ef226f33-6d33-465f-b249-febc82061e91","COMPONENT_LEADERBOARD_PIVOT_NAV_MENU":"160b4fc4-2ced-4dd6-a991-513f75e4529a","CONTAINER_LEADERBOARD_MAIN_BODY_SEARCH":"ccc3cd73-25a0-4000-a289-ae3bdec40dfa","COMPONENT_SEARCH_LEADERBOARD":"768db16b-8a08-4fdc-911f-34bb34750fb4","COMBOBOX_LEADERBOARD_YEAR":"34b486b1-3755-4788-a51a-2a26fcf9a0cb","CONTAINER_LEADERBOARD_MAIN_BODY":"c6efea8b-16a9-4c4a-a8b4-1707787fbdcf","CONTAINER_LEADERBOARD_MAIN_BODY_HEADER":"55548b07-aa94-4b40-8f33-2155cba96827","CONTAINER_LEADERBOARD_SPREAD":"eae305bf-4c83-4382-8540-a009fc5635c8","CONTAINER_LEADERBOARD_SPREAD_HEADER":"b059238f-7d40-476b-b992-796f16bfa594","LABEL_LEADERBOARD_SPREAD_HEADER":"fd567d55-5b5a-4058-a4b3-975c5f51fe16","CONTAINER_LEADERBOARD_SPREAD_BODY":"b16b7451-8b99-47bb-befe-b1f7a38a1c6f","LABEL_LEADERBOARD_SPREAD_BODY_1ST":"11a783c3-1ff2-4986-aa1d-2771a5a7012e","LABEL_LEADERBOARD_SPREAD_BODY_2ND":"099d988a-c68e-454b-919d-ee616d4ba61e","LABEL_LEADERBOARD_SPREAD_BODY_3RD":"797b9377-da38-430b-961a-f81066b83296","CONTAINER_LEADERBOARD_TOTAL":"72edc7c5-3210-457d-bd2c-98ffa4a45f56","CONTAINER_LEADERBOARD_TOTAL_HEADER":"19c237ab-7af2-4ef3-acfa-0610f0cae51b","LABEL_LEADERBOARD_TOTAL_HEADER":"6f508611-3d18-4f64-987b-7ef28cfdfac2","CONTAINER_LEADERBOARD_TOTAL_BODY":"8628b689-4173-49fb-a334-b5f7f4cba825","LABEL_LEADERBOARD_TOTAL_BODY_1ST":"455da82c-218a-4dff-b1cd-c97f6b3cb367","LABEL_LEADERBOARD_TOTAL_BODY_2ND":"3caf3e8d-777f-4027-9d13-8c3ab70d09cc","LABEL_LEADERBOARD_TOTAL_BODY_3RD":"3b5dd43e-de46-4a7f-ab7b-e4c32f0f6a10","CONTAINER_LEADERBOARD_LINE":"e33e9dd9-7592-4cac-8f27-9eba17651e76","CONTAINER_LEADERBOARD_LINE_HEADER":"9b9f4d33-2a1f-4158-b078-1986de788c1b","LABEL_LEADERBOARD_LINE_HEADER":"f18f9690-f7ff-436a-b634-a20817879a40","CONTAINER_LEADERBOARD_LINE_BODY":"dc71548d-633f-4a3e-a6d9-28fb883f8f5b","LABEL_LEADERBOARD_LINE_BODY_1ST":"c5b3dbc2-3506-4706-a109-4d6fe1b7cf81","LABEL_LEADERBOARD_LINE_BODY_2ND":"57b40ca4-9d87-4422-b33d-28bad11bd3f9","LABEL_LEADERBOARD_LINE_BODY_3RD":"2b0bd85c-df82-4845-86b4-e02cb62b3d1c","CONTAINER_LEADERBOARD_RETURN":"831acffb-b14b-4db4-8d82-f20d2b5894cc","CONTAINER_LEADERBOARD_RETURN_HEADER":"8ce7f40a-11b7-4fe2-af38-24c9ee22f955","LABEL_LEADERBOARD_RETURN_HEADER":"5468ee1f-794b-4c7e-a51a-56a5798d3f33","CONTAINER_LEADERBOARD_RETURN_BODY":"606078a3-54dd-4664-9e97-d5cd0373aa95","LABEL_LEADERBOARD_RETURN_BODY_1ST":"1c8a186b-6cdb-4c9f-9a3e-79991e34b328","LABEL_LEADERBOARD_RETURN_BODY_2ND":"81904a7e-9e7f-403d-a88b-f501ff70a369","LABEL_LEADERBOARD_RETURN_BODY_3RD":"4630618d-1ded-4b13-a9c4-901bbc0b67b0","COMPONENT_DETAILS_LIST_LEADERBOARD":"96c12119-7f90-4c01-8e39-29929c7636d1","LEADERBOARD_PercentileFormat":"62aabe53-fc30-424d-89c6-fda8b1fe965c","LEADERBOARD_ReturnFormat":"e6d7c687-105e-4dc0-ae2d-534473aa53be","LEADERBOARD_email":"7c457d03-fbe0-4015-808c-0efcf91b1477","LEADERBOARD_pick_type":"70a12e94-137e-4415-b435-88d25a5e92c4","CONTAINER_POP_UP_INSTRUCTIONS_LEADERBOARD":"25cbb63a-713a-4f5c-a3e1-b6e1945ee00f","LABEL_POP_UP_INSTRUCTIONS_LEADERBOARD":"af380549-d59e-4816-b7dc-5ea00321cb3b","CONTAINER_LEADERBOARD_SPINNER":"dcc9497c-9b4e-4290-b2d0-0536e6e4237c","COMPONENT_LEADERBOARD_SPINNER":"5e8cd020-18c0-4adb-98ea-424c2816c7e8","SCREEN_ANALYTICS_POSTGAME":"457de6c1-2f9c-40d8-aa4d-0773435033b3","CONTAINER_ANALYTICS_POSTGAME_MAIN":"f1a30815-50b4-4c9b-bf8e-75c6526342e5","CONTAINER_ANALYTICS_POSTGAME_NAV_HEADER":"1c8849fd-ec93-4f99-af89-2e19091e0e7b","COMPONENT_ANALYTICS_POSTGAME_PIVOT_NAV_MENU":"b6b2c8ea-322c-4b92-8556-5107c683fc88","LABEL_ANALYTICS_POSTGAME_TITLE":"c3dad395-d0f6-4294-b2ba-6db3e9aa2132","CONTAINER_ANALYTICS_POSTGAME_GAME":"ddcd8b03-02e9-4161-a225-8adf81049249","CONTAINER_ANALYTICS_POSTGAME_TEAMS":"fd023a9b-23ab-4cee-8d39-8173c438ba97","IMAGE_POSTGAME_TEAMS_AWAY":"d15b6b51-e8db-4a8e-a808-6d46b91b13a3","LABEL_POSTGAME_TEAMS_AWAY":"5861dfc9-7ec1-4cb1-8bc3-b598de0bb92c","BUTTON_POSTGAME_MONEYLINE_AWAY":"5941971c-c83d-4a4a-8ec0-cdf057872aa5","BUTTON_POSTGAME_OVER_AWAY":"86f024a9-b200-4cd7-9cbb-18bf55dd66e8","BUTTON_POSTGAME_SPREAD_AWAY":"d4810914-a260-444b-8c1e-d0331951715e","CONTAINER_ANALYTICS_POSTGAME_TEAMS_MATCHUP":"b21ca6e2-db45-49ae-ade9-2dea88c4f7a7","CONTAINER_ANALYTICS_POSTGAME_TEAMS_MATCHUP_QUARTERS":"dd2caa48-9c6c-4b40-bbae-5da0cd15c16f","LABEL_POSTGAME_MATCHUP_QUARTERS":"1876395c-303d-42a7-b53b-6a29010e28e3","LABEL_POSTGAME_MATCHUP_QUARTERS_1":"850e3db5-d6c9-4d59-9123-0030f3e79f6e","LABEL_POSTGAME_MATCHUP_QUARTERS_2":"b65eeb2e-0ec3-47e9-9b61-9e1ddf8f3892","LABEL_POSTGAME_MATCHUP_QUARTERS_3":"22268016-2fef-4f4f-b33b-24736749dc31","LABEL_POSTGAME_MATCHUP_QUARTERS_4":"e59088c5-f40d-4a37-aac7-9742ab429fe2","LABEL_POSTGAME_MATCHUP_QUARTERS_T":"5175f94c-e204-4c3c-8361-dd3ab7f551cc","CONTAINER_ANALYTICS_POSTGAME_TEAMS_MATCHUP_AWAY":"11fb4296-4dd3-482f-ac00-29e0e4945f5c","LABEL_POSTGAME_AWAY_SCORE_ABB":"d4eb4c7a-9e37-4108-aa6e-a4d8b1a32c09","LABEL_POSTGAME_AWAY_SCORE_QUARTER_1":"86afb0d8-d67a-4058-b1b4-49a68f3e9a09","LABEL_POSTGAME_AWAY_SCORE_QUARTER_2":"19d3b58b-7f1e-4080-bfe8-0e6d47a9bab5","LABEL_POSTGAME_AWAY_SCORE_QUARTER_3":"34f4d3d6-b797-428f-b0ab-346cb278d459","LABEL_POSTGAME_AWAY_SCORE_QUARTER_4":"af4b77b0-2167-4e6d-9f92-432eca577eb6","LABEL_POSTGAME_AWAY_SCORE_TOTAL":"f88b89df-58c8-4511-a995-a133060919a0","CONTAINER_ANALYTICS_POSTGAME_TEAMS_MATCHUP_HOME":"cb55c2e4-9351-49a9-98bc-afbd0fffb8aa","LABEL_POSTGAME_HOME_SCORE_ABB":"e51ad3ba-5393-4171-bced-d306339ddaf8","LABEL_POSTGAME_HOME_SCORE_QUARTER_1":"1b23b5a5-1f90-4216-b35c-93510e1a09cb","LABEL_POSTGAME_HOME_SCORE_QUARTER_2":"e9458b17-0307-4b57-b861-b87216eb5806","LABEL_POSTGAME_HOME_SCORE_QUARTER_3":"43148c45-3b20-4909-84a2-ea74434ccf12","LABEL_POSTGAME_HOME_SCORE_QUARTER_4":"49562e47-3fa8-4c9f-84fd-a12c43f5dcbc","LABEL_POSTGAME_HOME_SCORE_QUARTER_T":"e17a50d3-b7f5-4549-bbfc-dd9cf1a27473","BUTTON_POSTGAME_SPREAD_HOME":"ee694782-7dd6-4390-b3b7-b7178b3e8696","BUTTON_POSTGAME_UNDER_HOME":"5310963a-b58d-45cc-8957-296e73ce342e","BUTTON_POSTGAME_MONEYLINE_HOME":"a344f8d8-d5e1-4e83-852c-b7567683768f","LABEL_POSTGAME_TEAMS_HOME":"cfe15128-1354-430b-9382-e2912b05032a","IMAGE_POSTGAME_TEAMS_HOME":"94340200-c332-4a77-9f8b-79b62cb2fdc6","CONTAINER_ANALYTICS_POSTGAME_PROBABILITY":"eb656c5f-cf73-4abe-9b28-baf7e2653ccb","LABEL_ANALYTICS_POSTGAME_PROBABILITY_AWAY":"4a2cde2f-61f0-4afc-840b-e67b3e4f5366","LABEL_ANALYTICS_POSTGAME_PROBABILITY_HOME":"c76fa7ae-5cc7-4f73-916d-db40d7ac0091","CONTAINER_ANALYTICS_POSTGAME_INFO":"0c0a33aa-5866-49be-8d57-ee275820dc82","LABEL_ANALYTICS_POSTGAME_INFO":"0fc0c8b9-e515-4441-91d3-b14810804978","CONTAINER_ANALYTICS_POSTGAME_BODY_MAIN":"af11be12-90f1-44f2-9878-8d442c722628","CONTAINER_ANALYTICS_POSTGAME_BODY_GAME_MAIN":"7db9f25a-6853-45cd-832f-8825a91ac8a1","CONTAINER_ANALYTICS_POSTGAME_BODY_GAME_MAIN_SUB":"9944a52c-afb6-48a3-906c-03d08b37e5b5","LABEL_POSTGAME_MAIN_GAME_STATS":"f77981cc-b752-4266-9e76-cd9859d70835","CONTAINER_ANALYTICS_POSTGAME_STATS":"f9a9d68d-f83f-4e71-be45-45088b066fcb","LABEL_ANALYTICS_POSTGAME_HEADER":"461e6ad6-3813-48b5-b693-2fd39e186471","LABEL_ANALYTICS_POSTGAME_AWAY":"8af31c8f-6a1c-4034-9286-c23311525e70","LABEL_ANALYTICS_POSTGAME_HOME":"21162eca-bd44-4912-b3b3-88aa165db125","LABEL_ANALYTICS_POSTGAME_1ST_DOWNS":"7f0f32b5-8c3f-44fd-9cd4-0563c7ec57a6","LABEL_ANALYTICS_POSTGAME_1ST_DOWNS_AWAY":"b1f21e5a-9fad-4430-b983-c1783ad5aa2a","LABEL_ANALYTICS_POSTGAME_1ST_DOWNS_HOME":"20db574b-d111-4000-8b03-ebee88cb801b","LABEL_ANALYTICS_POSTGAME_3RD_DOWN_EFFECIENCY":"885a6def-5e35-44b4-a587-d396138e9bbe","LABEL_ANALYTICS_POSTGAME_3RD_DOWN_EFFECIENCY_AWAY":"4251380a-d5d6-457e-8631-3386aedc52b7","LABEL_ANALYTICS_POSTGAME_3RD_DOWN_EFFECIENCY_HOME":"fae661be-f6cf-44a0-bedd-71b390956a27","LABEL_ANALYTICS_POSTGAME_4TH_DOWN_EFFECIENCY":"c95ff8ff-d81e-4234-9a94-74dd8fc9f2bc","LABEL_ANALYTICS_POSTGAME_4TH_DOWN_EFFECIENCY_AWAY":"dc1424b4-8f97-4451-8d17-51745a684c76","LABEL_ANALYTICS_POSTGAME_4TH_DOWN_EFFECIENCY_HOME":"0acb06cc-e101-4704-8486-2590e06760e6","LABEL_ANALYTICS_POSTGAME_TOTAL_YARDS":"9c716d18-3382-4cce-b0dd-bd0077e43b77","LABEL_ANALYTICS_POSTGAME_TOTAL_YARDS_AWAY":"b9207818-23d4-4ae7-993e-79e67be57672","LABEL_ANALYTICS_POSTGAME_TOTAL_YARDS_HOME":"b43ee787-eab7-4397-94db-1b8deeb335de","LABEL_ANALYTICS_POSTGAME_PASSING_YARDS":"b1ca7799-d138-4eae-92a8-53f12613147d","LABEL_ANALYTICS_POSTGAME_PASSING_YARDS_AWAY":"39a8a6d7-b891-451b-bb50-c6fc4609ae48","LABEL_ANALYTICS_POSTGAME_PASSING_YARDS_HOME":"8817ae12-3abf-4c1b-a536-e7dbe6652a2d","LABEL_ANALYTICS_POSTGAME_PASSING_COMP_ATT":"634e1a81-f8ad-474c-bfea-a9f3dbf946ae","LABEL_ANALYTICS_POSTGAME_PASSING_YARDS_COMP_ATT_AWAY":"97b8bf86-fa7a-4812-99f5-aea6c402549e","LABEL_ANALYTICS_POSTGAME_PASSING_YARDS_COMP_ATT_HOME":"4f1d5ab3-7c21-49a6-b990-0022cf72d429","LABEL_ANALYTICS_POSTGAME_PASSING_YARDS_PER_PASS":"dee7c860-b878-4bab-ae86-04d0b1240efe","LABEL_ANALYTICS_POSTGAME_YARDS_PER_PASS_AWAY":"a9b0d8d3-58c6-457f-bb21-a417cf9af395","LABEL_ANALYTICS_POSTGAME_YARDS_PER_PASS_HOME":"a345586e-7f2c-464f-a088-0432d221b734","LABEL_ANALYTICS_POSTGAME_INTERCEPTIONS_THROWN":"130f796b-1abf-4a98-8f9c-d649f3b57ddf","LABEL_ANALYTICS_POSTGAME_INTERCEPTIONS_THROWN_AWAY":"b0c111e8-6555-43a8-ab5b-4481942372d7","LABEL_ANALYTICS_POSTGAME_INTERCEPTIONS_THROWN_HOME":"a4712c8f-ec16-49ad-9fff-61e2025006d2","LABEL_ANALYTICS_POSTGAME_RUSHING_YARDS":"d7ba194d-8a86-41ab-a018-3faff0fee779","LABEL_ANALYTICS_POSTGAME_RUSHING_YARDS_AWAY":"19651297-8059-48ec-8c0d-5894f8a30f4c","LABEL_ANALYTICS_POSTGAME_RUSHING_YARDS_HOME":"06f60b7c-44e4-427c-a992-e5c82196a25c","LABEL_ANALYTICS_POSTGAME_RUSH_ATTEMPTS":"f9d161a8-b54f-46e7-8d9b-310559f04399","LABEL_ANALYTICS_POSTGAME_RUSH_ATTEMPTS_AWAY":"eaee4874-2869-44c2-97f7-63329504301c","LABEL_ANALYTICS_POSTGAME_RUSHING_ATTEMPTS_HOME":"1aa99e16-4ef9-4408-a5c3-d95f9da7faa6","LABEL_ANALYTICS_POSTGAME_YARDS_PER_RUSH":"20a3bbf9-c1e6-490f-930b-33941d37d053","LABEL_ANALYTICS_POSTGAME_YARDS_PER_RUSH_AWAY":"5fa7374a-1d51-494c-85cb-7d5753d13211","LABEL_ANALYTICS_POSTGAME_YARDS_PER_RUSH_HOME":"d97f1cb1-f8a2-4182-a114-9e175858d1d1","LABEL_ANALYTICS_POSTGAME_PENALTIES":"17f17f0a-207a-48b9-b3bd-4cbacc5996a6","LABEL_ANALYTICS_POSTGAME_PENALITIES_AWAY":"52137a46-4205-4aa6-830c-514c955e7c18","LABEL_ANALYTICS_POSTGAME_PENALITIES_HOME":"32384489-5549-4ee9-b7a0-0ed5c6869acf","LABEL_ANALYTICS_POSTGAME_TURNOVERS":"329d12f0-ea6b-4fcf-bdd7-df581c0fd2bf","LABEL_ANALYTICS_POSTGAME_TURNOVERS_AWAY":"79acb55c-cb19-4f0a-95f0-d98dd77f18a0","LABEL_ANALYTICS_POSTGAME_TURNOVERS_HOME":"83ce441b-9d7c-4657-b230-221dd35d6b85","LABEL_ANALYTICS_POSTGAME_FUMBLES_LOST":"09b10e94-cce3-4aef-b948-5f108149ea05","LABEL_ANALYTICS_POSTGAME_FUMBLES_LOST_AWAY":"705651f0-404c-4845-850e-84b41c902550","LABEL_ANALYTICS_POSTGAME_FUMBLES_LOST_HOME":"ee64dbf8-2f65-4cfc-9662-73049e5d8186","LABEL_ANALYTICS_POSTGAME_POSSESSION":"05106b33-8926-4425-9356-6db6f08a686c","LABEL_ANALYTICS_POSTGAME_POSSESSION_AWAY":"78b42bce-df2a-4a8b-a3d4-9587593934fe","LABEL_ANALYTICS_POSTGAME_POSSESSION_HOME":"f757004e-452e-40fa-adb9-39cdb6b9506d","LABEL_ANALYTICS_POSTGAME_PUNT_RETURN_TDS":"d913f9cd-8b1e-4025-8323-f0c758783dc8","LABEL_ANALYTICS_POSTGAME_PUNT_RETURN_TDS_AWAY":"cf710377-3a7c-4331-bf24-4a52ec0c516c","LABEL_ANALYTICS_POSTGAME_PUNT_RETURN_TDS_HOME":"5d9bf5e5-4677-4c8e-87f8-3070de5e40d4","LABEL_ANALYTICS_POSTGAME_KICK_RETURN_TDS":"17d44dc1-ce90-411f-a3bd-e0a749d83454","LABEL_ANALYTICS_POSTGAME_KICK_RETURN_TDS_AWAY":"11071a12-a048-4ef7-a39f-d2142f6f1c5b","LABEL_ANALYTICS_POSTGAME_KICK_RETURN_TDS_HOME":"fd4cd762-d62d-41b9-9c42-22ce7f4f68ab","GROUP_ANALYTICS_POSTGAME_STATS":"8394299e-6775-479c-b129-49944a48d619","CONTAINER_ANALYTICS_POSTGAME_BODY_PLAYER_MAIN":"5ba354e3-8f0a-4268-b370-95bdee762595","CONTAINER_POSTGAME_MAIN_BODY_PLAYER_STATS":"7d126fc0-3e88-4453-9dcd-1b0b35a5b0c9","CONTAINER_POSTGAME_MAIN_PLAYER_STATS":"88de546f-76ef-4393-991d-a524172318e7","LABEL_POSTGAME_MAIN_PLAYER_STATS":"0134fbea-8b3e-40c1-9404-238622afeaa6","COMPONENT_SEARCH_POSTGAME_MAIN_BODY_PLAYER_STATS":"e0a91dfc-e89b-473d-b059-e42ee7e7e695","CONTAINER_POSTGAME_MAIN_PLAYER_STATS_FILTERS":"f067572d-10ce-49e8-b7c2-e7cfccc4308e","COMBOBOX_POSTGAME_TEAM":"d831af4e-6c20-4ef7-82f3-552e56dc086d","COMBOBOX_POSTGAME_CATEGORY":"f894e376-86c8-45e0-8b42-ce9d665017d1","COMBOBOX_POSTGAME_TYPE":"13c9e8b2-1dd9-4fe6-8ef9-28baf22d21fb","COMPONENT_LIST_POSTGAME_MAIN_BODY_PLAYER_STATS":"9b1a1185-e843-4816-982b-1cb8efc5112e","POSTGAME_category":"da9d71ef-e06e-4eb6-b4ed-663910384969","POSTGAME_statType":"bd401eb4-2401-4c03-9542-f28c6f10c8d7","POSTGAME_stat":"850ffcda-a741-48d6-a186-38c463a0276a","POSTGAME_name":"71064b32-f73b-484b-b792-3e6b3b7cfd4f","POSTGAME_school":"26584079-c4b7-4244-bd7c-eba168333ea7"}