{
  "properties": {
    "connectionReferences": {},
    "definition": {
      "$schema": "https://schema.management.azure.com/providers/Microsoft.Logic/schemas/2016-06-01/workflowdefinition.json#",
      "contentVersion": "1.0.0.0",
      "parameters": {
        "$authentication": {
          "defaultValue": {},
          "type": "SecureObject"
        }
      },
      "triggers": {
        "manual": {
          "metadata": {
            "operationMetadataId": "aa0ed68f-2787-4f0a-91d2-89e30eddce60"
          },
          "type": "Request",
          "kind": "PowerAppV2",
          "inputs": {
            "schema": {
              "type": "object",
              "properties": {
                "number": {
                  "title": "year",
                  "type": "number",
                  "x-ms-dynamically-added": true,
                  "description": "Year/season filter for games",
                  "x-ms-content-hint": "NUMBER"
                },
                "number_1": {
                  "title": "week",
                  "type": "number",
                  "x-ms-dynamically-added": true,
                  "description": "Week filter",
                  "x-ms-content-hint": "NUMBER"
                },
                "text": {
                  "title": "seasonType",
                  "type": "string",
                  "x-ms-dynamically-added": true,
                  "description": "Season type filter (regular or postseason)",
                  "enum": [
                    "regular",
                    "postseason"
                  ],
                  "x-ms-content-hint": "TEXT"
                }
              },
              "required": [
                "number"
              ]
            }
          }
        }
      },
      "actions": {
        "HTTP": {
          "runAfter": {},
          "metadata": {
            "operationMetadataId": "b8275876-8624-47b9-bd73-ffa81c064341"
          },
          "type": "Http",
          "inputs": {
            "method": "GET",
            "uri": "https://api.collegefootballdata.com/rankings?year=@{triggerBody()['number']}&week=@{triggerBody()['number_1']}&seasonType=@{triggerBody()['text']}",
            "headers": {
              "Authorization": "Bearer oTYpJkp7kMuniYy0TbmoQQWkps01xdiWUkGd/aEc+smGvXX95CJJ+D1TdfPfQda6"
            }
          }
        },
        "Response": {
          "runAfter": {
            "HTTP": [
              "Succeeded"
            ]
          },
          "metadata": {
            "operationMetadataId": "0b50c75e-6e2c-48ee-90f0-4da3614a69bc"
          },
          "type": "Response",
          "kind": "Http",
          "inputs": {
            "statusCode": 200,
            "body": "@body('HTTP')",
            "schema": {
              "type": "array",
              "items": {
                "type": "object",
                "properties": {
                  "season": {
                    "type": "integer"
                  },
                  "seasonType": {
                    "type": "string"
                  },
                  "week": {
                    "type": "integer"
                  },
                  "polls": {
                    "type": "array",
                    "items": {
                      "type": "object",
                      "properties": {
                        "poll": {
                          "type": "string"
                        },
                        "ranks": {
                          "type": "array",
                          "items": {
                            "type": "object",
                            "properties": {
                              "rank": {
                                "type": "integer"
                              },
                              "school": {
                                "type": "string"
                              },
                              "conference": {
                                "type": "string"
                              },
                              "firstPlaceVotes": {
                                "type": "integer"
                              },
                              "points": {
                                "type": "integer"
                              }
                            },
                            "required": [
                              "rank",
                              "school",
                              "conference",
                              "firstPlaceVotes",
                              "points"
                            ]
                          }
                        }
                      },
                      "required": [
                        "poll",
                        "ranks"
                      ]
                    }
                  }
                },
                "required": [
                  "season",
                  "seasonType",
                  "week",
                  "polls"
                ]
              }
            }
          }
        }
      },
      "outputs": {}
    },
    "templateName": null
  },
  "schemaVersion": "1.0.0.0"
}