{
  "properties": {
    "connectionReferences": {
      "shared_commondataserviceforapps": {
        "runtimeSource": "embedded",
        "connection": {
          "connectionReferenceLogicalName": "cfbppe_sharedcommondataserviceforapps_7647b"
        },
        "api": {
          "name": "shared_commondataserviceforapps"
        }
      }
    },
    "definition": {
      "$schema": "https://schema.management.azure.com/providers/Microsoft.Logic/schemas/2016-06-01/workflowdefinition.json#",
      "contentVersion": "1.0.0.0",
      "parameters": {
        "$connections": {
          "defaultValue": {},
          "type": "Object"
        },
        "$authentication": {
          "defaultValue": {},
          "type": "SecureObject"
        }
      },
      "triggers": {
        "Recurrence_-_Every_Night_At_3_AM": {
          "recurrence": {
            "frequency": "Day",
            "interval": 1,
            "startTime": "2023-07-14T08:00:00Z"
          },
          "metadata": {
            "operationMetadataId": "2428971b-93b8-4ca5-b0be-7c001fa73936"
          },
          "type": "Recurrence"
        }
      },
      "actions": {
        "List_rows_-_Picks_With_No_Result": {
          "runAfter": {},
          "metadata": {
            "operationMetadataId": "70118862-5168-4333-92f7-ed9b7aea43a8"
          },
          "type": "OpenApiConnection",
          "inputs": {
            "host": {
              "connectionName": "shared_commondataserviceforapps",
              "operationId": "ListRecords",
              "apiId": "/providers/Microsoft.PowerApps/apis/shared_commondataserviceforapps"
            },
            "parameters": {
              "entityName": "cfbppe_pickses",
              "$filter": "cfbppe_result eq null"
            },
            "authentication": "@parameters('$authentication')"
          }
        },
        "Do_until_-_Picks_With_No_Result": {
          "actions": {
            "Apply_to_each_-_Picks_With_No_Result": {
              "foreach": "@outputs('List_rows_-_Picks_With_No_Result')?['body/value']",
              "actions": {
                "HTTP_-_GET_Game_Results": {
                  "runAfter": {},
                  "metadata": {
                    "operationMetadataId": "89ea266e-dfd5-4a52-9e54-c914c8c5c5cf"
                  },
                  "type": "Http",
                  "inputs": {
                    "method": "GET",
                    "uri": "https://api.collegefootballdata.com/games?id=@{items('Apply_to_each_-_Picks_With_No_Result')?['cfbppe_game_id']}",
                    "headers": {
                      "Authorization": "Bearer oTYpJkp7kMuniYy0TbmoQQWkps01xdiWUkGd/aEc+smGvXX95CJJ+D1TdfPfQda6"
                    }
                  }
                },
                "Parse_JSON_-_GET_Game_Results": {
                  "runAfter": {
                    "HTTP_-_GET_Game_Results": [
                      "Succeeded"
                    ]
                  },
                  "metadata": {
                    "operationMetadataId": "9ac43d4c-3330-4294-a7fa-ec8973cb4eb1"
                  },
                  "type": "ParseJson",
                  "inputs": {
                    "content": "@body('HTTP_-_GET_Game_Results')",
                    "schema": {
                      "type": "array",
                      "items": {
                        "type": "object",
                        "properties": {
                          "id": {
                            "type": "integer"
                          },
                          "start_date": {
                            "type": "string"
                          },
                          "completed": {
                            "type": "boolean"
                          },
                          "home_id": {
                            "type": "integer"
                          },
                          "home_team": {
                            "type": "string"
                          },
                          "home_conference": {
                            "type": "string"
                          },
                          "home_division": {
                            "type": "string"
                          },
                          "home_points": {
                            "type": "integer"
                          },
                          "home_line_scores": {
                            "type": "array",
                            "items": {
                              "type": "integer"
                            }
                          },
                          "away_id": {
                            "type": "integer"
                          },
                          "away_team": {
                            "type": "string"
                          },
                          "away_conference": {
                            "type": "string"
                          },
                          "away_division": {
                            "type": "string"
                          },
                          "away_points": {
                            "type": "integer"
                          },
                          "away_line_scores": {
                            "type": "array",
                            "items": {
                              "type": "integer"
                            }
                          }
                        },
                        "required": [
                          "id",
                          "start_date",
                          "completed",
                          "home_id",
                          "home_team",
                          "home_conference",
                          "home_division",
                          "home_points",
                          "home_line_scores",
                          "away_id",
                          "away_team",
                          "away_conference",
                          "away_division",
                          "away_points",
                          "away_line_scores"
                        ]
                      }
                    }
                  }
                },
                "Apply_to_each_-_GET_Game_Results": {
                  "foreach": "@body('Parse_JSON_-_GET_Game_Results')",
                  "actions": {
                    "Condition_-_If_Game_Is_Completed": {
                      "actions": {
                        "Switch_-_Pick_Type": {
                          "runAfter": {},
                          "cases": {
                            "Case_-_Spread": {
                              "case": "spread",
                              "actions": {
                                "Update_a_row_-_Spread": {
                                  "runAfter": {},
                                  "metadata": {
                                    "operationMetadataId": "ef575612-c35d-4238-bdbe-7538d903e99b"
                                  },
                                  "type": "OpenApiConnection",
                                  "inputs": {
                                    "host": {
                                      "connectionName": "shared_commondataserviceforapps",
                                      "operationId": "UpdateRecord",
                                      "apiId": "/providers/Microsoft.PowerApps/apis/shared_commondataserviceforapps"
                                    },
                                    "parameters": {
                                      "entityName": "cfbppe_pickses",
                                      "recordId": "@items('Apply_to_each_-_Picks_With_No_Result')?['cfbppe_picksid']",
                                      "item/cfbppe_result": "@if( and( contains( items( 'Apply_to_each_-_Picks_With_No_Result')?['cfbppe_pick'], '-' ), and( greater( sub( max( items( 'Apply_to_each_-_GET_Game_Results')['home_points'], items( 'Apply_to_each_-_GET_Game_Results')['away_points'] ), min( items( 'Apply_to_each_-_GET_Game_Results')['home_points'], items( 'Apply_to_each_-_GET_Game_Results')['away_points'] ) ), float( slice( items( 'Apply_to_each_-_Picks_With_No_Result')?['cfbppe_pick'], 1 ) ) ), and( equals( items( 'Apply_to_each_-_GET_Game_Results')['home_team'], items( 'Apply_to_each_-_Picks_With_No_Result')?['cfbppe_school'] ), greater( items( 'Apply_to_each_-_GET_Game_Results')['home_points'], items( 'Apply_to_each_-_GET_Game_Results')['away_points'] ) ) ) ), 1, if( and( contains( items( 'Apply_to_each_-_Picks_With_No_Result')?['cfbppe_pick'], '-' ), and( greater( sub( max( items( 'Apply_to_each_-_GET_Game_Results')['home_points'], items( 'Apply_to_each_-_GET_Game_Results')['away_points'] ), min( items( 'Apply_to_each_-_GET_Game_Results')['home_points'], items( 'Apply_to_each_-_GET_Game_Results')['away_points'] ) ), float( slice( items( 'Apply_to_each_-_Picks_With_No_Result')?['cfbppe_pick'], 1 ) ) ), and( equals( items( 'Apply_to_each_-_GET_Game_Results')['away_team'], items( 'Apply_to_each_-_Picks_With_No_Result')?['cfbppe_school'] ), greater( items( 'Apply_to_each_-_GET_Game_Results')['away_points'], items( 'Apply_to_each_-_GET_Game_Results')['home_points'] ) ) ) ), 1, if( and( contains( items( 'Apply_to_each_-_Picks_With_No_Result')?['cfbppe_pick'], '+' ), and( equals( items( 'Apply_to_each_-_GET_Game_Results')['home_team'], items( 'Apply_to_each_-_Picks_With_No_Result')?['cfbppe_school'] ), greater( items( 'Apply_to_each_-_GET_Game_Results')['home_points'], items( 'Apply_to_each_-_GET_Game_Results')['away_points'] ) ) ), 1, if( and( contains( items( 'Apply_to_each_-_Picks_With_No_Result')?['cfbppe_pick'], '+' ), and( equals( items( 'Apply_to_each_-_GET_Game_Results')['away_team'], items( 'Apply_to_each_-_Picks_With_No_Result')?['cfbppe_school'] ), greater( items( 'Apply_to_each_-_GET_Game_Results')['away_points'], items( 'Apply_to_each_-_GET_Game_Results')['home_points'] ) ) ), 1, if( and( contains( items( 'Apply_to_each_-_Picks_With_No_Result')?['cfbppe_pick'], '+' ), and( greater( float( slice( items( 'Apply_to_each_-_Picks_With_No_Result')?['cfbppe_pick'], 1 ) ), sub( max( items( 'Apply_to_each_-_GET_Game_Results')['home_points'], items( 'Apply_to_each_-_GET_Game_Results')['away_points'] ), min( items( 'Apply_to_each_-_GET_Game_Results')['home_points'], items( 'Apply_to_each_-_GET_Game_Results')['away_points'] ) ) ), equals( items( 'Apply_to_each_-_GET_Game_Results')['home_team'], items( 'Apply_to_each_-_Picks_With_No_Result')?['cfbppe_school'] ) ) ), 1, if( and( contains( items( 'Apply_to_each_-_Picks_With_No_Result')?['cfbppe_pick'], '+' ), and( greater( float( slice( items( 'Apply_to_each_-_Picks_With_No_Result')?['cfbppe_pick'], 1 ) ), sub( max( items( 'Apply_to_each_-_GET_Game_Results')['home_points'], items( 'Apply_to_each_-_GET_Game_Results')['away_points'] ), min( items( 'Apply_to_each_-_GET_Game_Results')['home_points'], items( 'Apply_to_each_-_GET_Game_Results')['away_points'] ) ) ), equals( items( 'Apply_to_each_-_GET_Game_Results')['away_team'], items( 'Apply_to_each_-_Picks_With_No_Result')?['cfbppe_school'] ) ) ), 1, if( equals( float( slice( items( 'Apply_to_each_-_Picks_With_No_Result')?['cfbppe_pick'], 1 ) ), sub( max( items( 'Apply_to_each_-_GET_Game_Results')['home_points'], items( 'Apply_to_each_-_GET_Game_Results')['away_points'] ), min( items( 'Apply_to_each_-_GET_Game_Results')['home_points'], items( 'Apply_to_each_-_GET_Game_Results')['away_points'] ) ) ), 2, 0 ) ) ) ) ) ) )"
                                    },
                                    "authentication": "@parameters('$authentication')"
                                  }
                                }
                              }
                            },
                            "Case_-_Total_(Over/Under)": {
                              "case": "total",
                              "actions": {
                                "Update_a_row_-_Total_(Over_Under)": {
                                  "runAfter": {},
                                  "metadata": {
                                    "operationMetadataId": "4a891a16-bf46-4f64-9cb4-8ae1c64de49b"
                                  },
                                  "type": "OpenApiConnection",
                                  "inputs": {
                                    "host": {
                                      "connectionName": "shared_commondataserviceforapps",
                                      "operationId": "UpdateRecord",
                                      "apiId": "/providers/Microsoft.PowerApps/apis/shared_commondataserviceforapps"
                                    },
                                    "parameters": {
                                      "entityName": "cfbppe_pickses",
                                      "recordId": "@items('Apply_to_each_-_Picks_With_No_Result')?['cfbppe_picksid']",
                                      "item/cfbppe_result": "@if(\r\n    and(\r\n        contains(\r\n            items(\r\n                'Apply_to_each_-_Picks_With_No_Result')?['cfbppe_pick'],\r\n                'o'\r\n        ),\r\n        greater(\r\n            add(\r\n                items(\r\n                    'Apply_to_each_-_GET_Game_Results')['home_points'], \r\n                items(\r\n                    'Apply_to_each_-_GET_Game_Results')['away_points']\r\n            ),\r\n            float(\r\n                slice(\r\n                    items(\r\n                        'Apply_to_each_-_Picks_With_No_Result')?['cfbppe_pick'],\r\n                    1\r\n                )\r\n            )\r\n        )\r\n    ), \r\n    1,\r\n    if(\r\n        and(\r\n            contains(\r\n                items(\r\n                    'Apply_to_each_-_Picks_With_No_Result')?['cfbppe_pick'],\r\n                    'u'\r\n            ),\r\n            less(\r\n                add(\r\n                    items(\r\n                        'Apply_to_each_-_GET_Game_Results')['home_points'], \r\n                    items(\r\n                        'Apply_to_each_-_GET_Game_Results')['away_points']\r\n                ),\r\n                float(\r\n                    slice(\r\n                        items(\r\n                            'Apply_to_each_-_Picks_With_No_Result')?['cfbppe_pick'],\r\n                        1\r\n                    )\r\n                )\r\n            )\r\n        ), \r\n        1,\r\n        if(\r\n            and(\r\n                contains(\r\n                    items(\r\n                        'Apply_to_each_-_Picks_With_No_Result')?['cfbppe_pick'],\r\n                        'o'\r\n                ),\r\n                equals(\r\n                    add(\r\n                        items(\r\n                            'Apply_to_each_-_GET_Game_Results')['home_points'], \r\n                        items(\r\n                            'Apply_to_each_-_GET_Game_Results')['away_points']\r\n                    ),\r\n                    float(\r\n                        slice(\r\n                            items(\r\n                                'Apply_to_each_-_Picks_With_No_Result')?['cfbppe_pick'],\r\n                            1\r\n                        )\r\n                    )\r\n                )\r\n            ), \r\n            2,\r\n            if(\r\n                and(\r\n                    contains(\r\n                        items(\r\n                            'Apply_to_each_-_Picks_With_No_Result')?['cfbppe_pick'],\r\n                            'u'\r\n                    ),\r\n                    equals(\r\n                        add(\r\n                            items(\r\n                                'Apply_to_each_-_GET_Game_Results')['home_points'], \r\n                            items(\r\n                                'Apply_to_each_-_GET_Game_Results')['away_points']\r\n                        ),\r\n                        float(\r\n                            slice(\r\n                                items(\r\n                                    'Apply_to_each_-_Picks_With_No_Result')?['cfbppe_pick'],\r\n                                1\r\n                            )\r\n                        )\r\n                    )\r\n                ), \r\n                2,\r\n                0\r\n            )\r\n        )\r\n    )\r\n)"
                                    },
                                    "authentication": "@parameters('$authentication')"
                                  }
                                }
                              }
                            },
                            "Case_-_Moneyline": {
                              "case": "moneyline",
                              "actions": {
                                "Update_a_row_-_Moneyline": {
                                  "runAfter": {},
                                  "metadata": {
                                    "operationMetadataId": "d0eb6806-f2f2-4ded-ba49-2f940a911f44"
                                  },
                                  "type": "OpenApiConnection",
                                  "inputs": {
                                    "host": {
                                      "connectionName": "shared_commondataserviceforapps",
                                      "operationId": "UpdateRecord",
                                      "apiId": "/providers/Microsoft.PowerApps/apis/shared_commondataserviceforapps"
                                    },
                                    "parameters": {
                                      "entityName": "cfbppe_pickses",
                                      "recordId": "@items('Apply_to_each_-_Picks_With_No_Result')?['cfbppe_picksid']",
                                      "item/cfbppe_result": "@if(\r\n    and(\r\n        contains(\r\n            items(\r\n                'Apply_to_each_-_Picks_With_No_Result')?['cfbppe_pick'],\r\n            '-'\r\n        ),\r\n        and(\r\n            equals(\r\n                items(\r\n                    'Apply_to_each_-_GET_Game_Results')['home_team'],\r\n                items(\r\n                    'Apply_to_each_-_Picks_With_No_Result')?['cfbppe_school']\r\n            ),\r\n            greater(\r\n                items(\r\n                    'Apply_to_each_-_GET_Game_Results')['home_points'], \r\n                items(\r\n                    'Apply_to_each_-_GET_Game_Results')['away_points']\r\n            )\r\n        )\r\n    ),\r\n    1,\r\n    if(\r\n        and(\r\n            contains(\r\n                items(\r\n                    'Apply_to_each_-_Picks_With_No_Result')?['cfbppe_pick'],\r\n                '-'\r\n            ),\r\n            and(\r\n                equals(\r\n                    items(\r\n                        'Apply_to_each_-_GET_Game_Results')['away_team'],\r\n                    items(\r\n                        'Apply_to_each_-_Picks_With_No_Result')?['cfbppe_school']\r\n                ),\r\n                greater(\r\n                    items(\r\n                        'Apply_to_each_-_GET_Game_Results')['away_points'], \r\n                    items(\r\n                        'Apply_to_each_-_GET_Game_Results')['home_points']\r\n                )\r\n            )\r\n        ),\r\n        1,\r\n        if(\r\n            and(\r\n                contains(\r\n                    items(\r\n                        'Apply_to_each_-_Picks_With_No_Result')?['cfbppe_pick'],\r\n                    '+'\r\n                ),\r\n                and(\r\n                    equals(\r\n                        items(\r\n                            'Apply_to_each_-_GET_Game_Results')['home_team'],\r\n                        items(\r\n                            'Apply_to_each_-_Picks_With_No_Result')?['cfbppe_school']\r\n                    ),\r\n                    greater(\r\n                        items(\r\n                            'Apply_to_each_-_GET_Game_Results')['home_points'], \r\n                        items(\r\n                            'Apply_to_each_-_GET_Game_Results')['away_points']\r\n                    )\r\n                )\r\n            ),\r\n            1,\r\n            if(\r\n                and(\r\n                    contains(\r\n                        items(\r\n                            'Apply_to_each_-_Picks_With_No_Result')?['cfbppe_pick'],\r\n                        '+'\r\n                    ),\r\n                    and(\r\n                        equals(\r\n                            items(\r\n                                'Apply_to_each_-_GET_Game_Results')['away_team'],\r\n                            items(\r\n                                'Apply_to_each_-_Picks_With_No_Result')?['cfbppe_school']\r\n                        ),\r\n                        greater(\r\n                            items(\r\n                                'Apply_to_each_-_GET_Game_Results')['away_points'], \r\n                            items(\r\n                                'Apply_to_each_-_GET_Game_Results')['home_points']\r\n                        )\r\n                    )\r\n                ),\r\n                1,\r\n                if(\r\n                    and(\r\n                        contains(\r\n                            items(\r\n                                'Apply_to_each_-_Picks_With_No_Result')?['cfbppe_pick'],\r\n                            '/'\r\n                        ),\r\n                        and(\r\n                            equals(\r\n                                items(\r\n                                    'Apply_to_each_-_GET_Game_Results')['home_team'],\r\n                                items(\r\n                                    'Apply_to_each_-_Picks_With_No_Result')?['cfbppe_school']\r\n                            ),\r\n                            greater(\r\n                                items(\r\n                                    'Apply_to_each_-_GET_Game_Results')['home_points'], \r\n                                items(\r\n                                    'Apply_to_each_-_GET_Game_Results')['away_points']\r\n                            )\r\n                        )\r\n                    ),\r\n                    1,\r\n                    if(\r\n                        and(\r\n                            contains(\r\n                                items(\r\n                                    'Apply_to_each_-_Picks_With_No_Result')?['cfbppe_pick'],\r\n                                '/'\r\n                            ),\r\n                            and(\r\n                                equals(\r\n                                    items(\r\n                                        'Apply_to_each_-_GET_Game_Results')['away_team'],\r\n                                    items(\r\n                                        'Apply_to_each_-_Picks_With_No_Result')?['cfbppe_school']\r\n                                ),\r\n                                greater(\r\n                                    items(\r\n                                        'Apply_to_each_-_GET_Game_Results')['away_points'], \r\n                                    items(\r\n                                        'Apply_to_each_-_GET_Game_Results')['home_points']\r\n                                )\r\n                            )\r\n                        ),\r\n                        1,\r\n                        0\r\n                    )\r\n                )\r\n            )\r\n        )\r\n    )\r\n)"
                                    },
                                    "authentication": "@parameters('$authentication')"
                                  }
                                }
                              }
                            }
                          },
                          "default": {
                            "actions": {}
                          },
                          "expression": "@items('Apply_to_each_-_Picks_With_No_Result')?['cfbppe_pick_type']",
                          "metadata": {
                            "operationMetadataId": "7b3469e9-fc1f-4bb1-8c5b-1afd087f0816"
                          },
                          "type": "Switch"
                        }
                      },
                      "runAfter": {},
                      "expression": {
                        "equals": [
                          "@items('Apply_to_each_-_GET_Game_Results')['completed']",
                          true
                        ]
                      },
                      "metadata": {
                        "operationMetadataId": "d3767d40-1b00-49d3-b802-cc864a428c63"
                      },
                      "type": "If"
                    }
                  },
                  "runAfter": {
                    "Parse_JSON_-_GET_Game_Results": [
                      "Succeeded"
                    ]
                  },
                  "metadata": {
                    "operationMetadataId": "aafb5e32-81df-45e0-b55c-9df4c1b67bf6"
                  },
                  "type": "Foreach"
                }
              },
              "runAfter": {},
              "metadata": {
                "operationMetadataId": "12607c1e-ebe0-443d-ba55-0681996f51a3"
              },
              "type": "Foreach"
            }
          },
          "runAfter": {
            "List_rows_-_Picks_With_No_Result": [
              "Succeeded"
            ]
          },
          "expression": "@equals('', '')",
          "limit": {
            "count": 60,
            "timeout": "PT1H"
          },
          "metadata": {
            "operationMetadataId": "c58bb716-6b6f-45c6-999c-911c32fafd46"
          },
          "type": "Until"
        }
      }
    },
    "templateName": ""
  },
  "schemaVersion": "1.0.0.0"
}