{
  "properties": {
    "connectionReferences": {},
    "definition": {
      "$schema": "https://schema.management.azure.com/providers/Microsoft.Logic/schemas/2016-06-01/workflowdefinition.json#",
      "contentVersion": "1.0.0.0",
      "parameters": {
        "$authentication": {
          "defaultValue": {},
          "type": "SecureObject"
        }
      },
      "triggers": {
        "manual": {
          "metadata": {
            "operationMetadataId": "05112f9f-e76b-4cad-9774-9ca1330d1794"
          },
          "type": "Request",
          "kind": "PowerAppV2",
          "inputs": {
            "schema": {
              "type": "object",
              "properties": {
                "number": {
                  "title": "gameId",
                  "type": "number",
                  "x-ms-dynamically-added": true,
                  "description": "Game id filter",
                  "x-ms-content-hint": "NUMBER"
                },
                "number_1": {
                  "title": "year",
                  "type": "number",
                  "x-ms-dynamically-added": true,
                  "description": "Year/season filter for games",
                  "x-ms-content-hint": "NUMBER"
                },
                "number_2": {
                  "title": "week",
                  "type": "number",
                  "x-ms-dynamically-added": true,
                  "description": "Week filter",
                  "x-ms-content-hint": "NUMBER"
                },
                "text_1": {
                  "title": "seasonType",
                  "type": "string",
                  "x-ms-dynamically-added": true,
                  "description": "Season type filter (regular or postseason)",
                  "x-ms-content-hint": "TEXT",
                  "enum": [
                    "regular",
                    "postseason"
                  ]
                },
                "text_2": {
                  "title": "team",
                  "type": "string",
                  "x-ms-dynamically-added": true,
                  "description": "Team",
                  "x-ms-content-hint": "TEXT"
                },
                "text_3": {
                  "title": "home",
                  "type": "string",
                  "x-ms-dynamically-added": true,
                  "description": "Home team filter",
                  "x-ms-content-hint": "TEXT"
                },
                "text_4": {
                  "title": "away",
                  "type": "string",
                  "x-ms-dynamically-added": true,
                  "description": "Away team filter",
                  "x-ms-content-hint": "TEXT"
                },
                "text": {
                  "title": "conference",
                  "type": "string",
                  "x-ms-dynamically-added": true,
                  "description": "Conference abbreviation filter",
                  "x-ms-content-hint": "TEXT"
                }
              },
              "required": []
            }
          }
        }
      },
      "actions": {
        "HTTP": {
          "runAfter": {},
          "metadata": {
            "operationMetadataId": "36649a05-4663-4ad6-847d-c527493724de"
          },
          "type": "Http",
          "inputs": {
            "method": "GET",
            "uri": "https://api.collegefootballdata.com/lines?gameId=@{triggerBody()?['number']}&year=@{triggerBody()?['number_1']}&week=@{triggerBody()?['number_2']}&seasonType=@{triggerBody()?['text_1']}&team=@{triggerBody()?['text_2']}&home=@{triggerBody()?['text_3']}&away=@{triggerBody()?['text_4']}&conference=@{triggerBody()['text']}",
            "headers": {
              "Authorization": "Bearer oTYpJkp7kMuniYy0TbmoQQWkps01xdiWUkGd/aEc+smGvXX95CJJ+D1TdfPfQda6"
            }
          }
        },
        "Response": {
          "runAfter": {
            "HTTP": [
              "Succeeded"
            ]
          },
          "metadata": {
            "operationMetadataId": "ee5a7815-925a-4c3f-af29-6d66c55a5b38"
          },
          "type": "Response",
          "kind": "Http",
          "inputs": {
            "statusCode": 200,
            "body": "@body('HTTP')",
            "schema": {
              "type": "array",
              "items": {
                "type": "object",
                "properties": {
                  "id": {
                    "type": "integer"
                  },
                  "season": {
                    "type": "integer"
                  },
                  "week": {
                    "type": "integer"
                  },
                  "seasonType": {
                    "type": "string"
                  },
                  "startDate": {
                    "type": "string"
                  },
                  "homeTeam": {
                    "type": "string"
                  },
                  "homeConference": {
                    "type": "string"
                  },
                  "homeScore": {
                    "type": "integer"
                  },
                  "awayTeam": {
                    "type": "string"
                  },
                  "awayConference": {
                    "type": "string"
                  },
                  "awayScore": {
                    "type": "integer"
                  },
                  "lines": {
                    "type": "array",
                    "items": {
                      "type": "object",
                      "properties": {
                        "provider": {
                          "type": "string"
                        },
                        "spread": {
                          "type": "string"
                        },
                        "formattedSpread": {
                          "type": "string"
                        },
                        "spreadOpen": {
                          "type": "string"
                        },
                        "overUnder": {
                          "type": "string"
                        },
                        "overUnderOpen": {
                          "type": "string"
                        },
                        "homeMoneyline": {
                          "type": "integer"
                        },
                        "awayMoneyline": {
                          "type": "integer"
                        }
                      },
                      "required": [
                        "provider",
                        "spread",
                        "formattedSpread",
                        "spreadOpen",
                        "overUnder",
                        "overUnderOpen",
                        "homeMoneyline",
                        "awayMoneyline"
                      ]
                    }
                  }
                },
                "required": [
                  "id",
                  "season",
                  "week",
                  "seasonType",
                  "startDate",
                  "homeTeam",
                  "homeConference",
                  "homeScore",
                  "awayTeam",
                  "awayConference",
                  "awayScore",
                  "lines"
                ]
              }
            }
          }
        }
      },
      "outputs": {}
    },
    "templateName": null
  },
  "schemaVersion": "1.0.0.0"
}