{
  "properties": {
    "connectionReferences": {},
    "definition": {
      "$schema": "https://schema.management.azure.com/providers/Microsoft.Logic/schemas/2016-06-01/workflowdefinition.json#",
      "contentVersion": "1.0.0.0",
      "parameters": {
        "$authentication": {
          "defaultValue": {},
          "type": "SecureObject"
        }
      },
      "triggers": {
        "manual": {
          "metadata": {
            "operationMetadataId": "4f8cd499-d17b-4f47-b902-0f46413bfa61"
          },
          "type": "Request",
          "kind": "PowerAppV2",
          "inputs": {
            "schema": {
              "type": "object",
              "properties": {
                "number": {
                  "title": "year",
                  "type": "number",
                  "x-ms-dynamically-added": true,
                  "description": "Year filter",
                  "x-ms-content-hint": "NUMBER"
                }
              },
              "required": [
                "number"
              ]
            }
          }
        }
      },
      "actions": {
        "HTTP": {
          "runAfter": {},
          "metadata": {
            "operationMetadataId": "253f296d-1d55-4a34-8151-e359605e54a5"
          },
          "type": "Http",
          "inputs": {
            "method": "GET",
            "uri": "https://api.collegefootballdata.com/teams/fbs?year=@{triggerBody()['number']}",
            "headers": {
              "Authorization": "Bearer oTYpJkp7kMuniYy0TbmoQQWkps01xdiWUkGd/aEc+smGvXX95CJJ+D1TdfPfQda6"
            }
          }
        },
        "Response": {
          "runAfter": {
            "HTTP": [
              "Succeeded"
            ]
          },
          "metadata": {
            "operationMetadataId": "cddd1695-c441-4938-99fd-b1d9de939f82"
          },
          "type": "Response",
          "kind": "Http",
          "inputs": {
            "statusCode": 200,
            "body": "@body('HTTP')",
            "schema": {
              "type": "array",
              "items": {
                "type": "object",
                "properties": {
                  "id": {
                    "type": "integer"
                  },
                  "school": {
                    "type": "string"
                  },
                  "mascot": {
                    "type": "string"
                  },
                  "abbreviation": {
                    "type": "string"
                  },
                  "alt_name_1": {
                    "type": "string"
                  },
                  "alt_name_2": {
                    "type": "string"
                  },
                  "alt_name_3": {
                    "type": "string"
                  },
                  "classification": {
                    "type": "string"
                  },
                  "conference": {
                    "type": "string"
                  },
                  "division": {
                    "type": "string"
                  },
                  "color": {
                    "type": "string"
                  },
                  "alt_color": {
                    "type": "string"
                  },
                  "logos": {
                    "type": "array",
                    "items": {
                      "type": "string"
                    }
                  },
                  "twitter": {
                    "type": "string"
                  },
                  "location": {
                    "type": "object",
                    "properties": {
                      "venue_id": {
                        "type": "integer"
                      },
                      "name": {
                        "type": "string"
                      },
                      "city": {
                        "type": "string"
                      },
                      "state": {
                        "type": "string"
                      },
                      "zip": {
                        "type": "string"
                      },
                      "country_code": {
                        "type": "string"
                      },
                      "timezone": {
                        "type": "string"
                      },
                      "latitude": {
                        "type": "integer"
                      },
                      "longitude": {
                        "type": "integer"
                      },
                      "elevation": {
                        "type": "integer"
                      },
                      "capacity": {
                        "type": "integer"
                      },
                      "year_constructed": {
                        "type": "integer"
                      },
                      "grass": {
                        "type": "boolean"
                      },
                      "dome": {
                        "type": "boolean"
                      }
                    }
                  }
                },
                "required": [
                  "id",
                  "school",
                  "mascot",
                  "abbreviation",
                  "alt_name_1",
                  "alt_name_2",
                  "alt_name_3",
                  "classification",
                  "conference",
                  "division",
                  "color",
                  "alt_color",
                  "logos",
                  "twitter",
                  "location"
                ]
              }
            }
          }
        }
      },
      "outputs": {}
    },
    "templateName": null
  },
  "schemaVersion": "1.0.0.0"
}