{
  "properties": {
    "connectionReferences": {},
    "definition": {
      "$schema": "https://schema.management.azure.com/providers/Microsoft.Logic/schemas/2016-06-01/workflowdefinition.json#",
      "contentVersion": "1.0.0.0",
      "parameters": {
        "$authentication": {
          "defaultValue": {},
          "type": "SecureObject"
        }
      },
      "triggers": {
        "manual": {
          "metadata": {
            "operationMetadataId": "fe4eb331-85ae-429a-afaa-680257ba4fed"
          },
          "type": "Request",
          "kind": "PowerAppV2",
          "inputs": {
            "schema": {
              "type": "object",
              "properties": {
                "number": {
                  "title": "gameId",
                  "type": "number",
                  "x-ms-dynamically-added": true,
                  "description": "Game id filter",
                  "x-ms-content-hint": "NUMBER"
                }
              },
              "required": [
                "number"
              ]
            }
          }
        }
      },
      "actions": {
        "HTTP": {
          "runAfter": {},
          "metadata": {
            "operationMetadataId": "4fd0c0b7-3f63-4e63-baf7-41f0875ba3e8"
          },
          "type": "Http",
          "inputs": {
            "method": "GET",
            "uri": "https://api.collegefootballdata.com/games/teams?gameId=@{triggerBody()['number']}",
            "headers": {
              "Authorization": "Bearer oTYpJkp7kMuniYy0TbmoQQWkps01xdiWUkGd/aEc+smGvXX95CJJ+D1TdfPfQda6"
            }
          }
        },
        "Response": {
          "runAfter": {
            "HTTP": [
              "Succeeded"
            ]
          },
          "metadata": {
            "operationMetadataId": "9610e1e0-86a5-4a4a-b653-22572326fb60"
          },
          "type": "Response",
          "kind": "Http",
          "inputs": {
            "statusCode": 200,
            "body": "@body('HTTP')",
            "schema": {
              "type": "array",
              "items": {
                "type": "object",
                "properties": {
                  "id": {
                    "type": "integer"
                  },
                  "teams": {
                    "type": "array",
                    "items": {
                      "type": "object",
                      "properties": {
                        "school": {
                          "type": "string"
                        },
                        "conference": {
                          "type": "string"
                        },
                        "homeAway": {
                          "type": "string"
                        },
                        "points": {
                          "type": "integer"
                        },
                        "stats": {
                          "type": "array",
                          "items": {
                            "type": "object",
                            "properties": {
                              "category": {
                                "type": "string"
                              },
                              "stat": {
                                "type": "string"
                              }
                            },
                            "required": [
                              "category",
                              "stat"
                            ]
                          }
                        }
                      },
                      "required": [
                        "school",
                        "conference",
                        "homeAway",
                        "points",
                        "stats"
                      ]
                    }
                  }
                },
                "required": [
                  "id",
                  "teams"
                ]
              }
            }
          }
        }
      },
      "outputs": {}
    },
    "templateName": null
  },
  "schemaVersion": "1.0.0.0"
}