{
  "properties": {
    "connectionReferences": {},
    "definition": {
      "$schema": "https://schema.management.azure.com/providers/Microsoft.Logic/schemas/2016-06-01/workflowdefinition.json#",
      "contentVersion": "1.0.0.0",
      "parameters": {
        "$authentication": {
          "defaultValue": {},
          "type": "SecureObject"
        }
      },
      "triggers": {
        "manual": {
          "metadata": {
            "operationMetadataId": "2a0c3d2f-4d7e-46d0-9fab-f555daa5af7d"
          },
          "type": "Request",
          "kind": "PowerAppV2",
          "inputs": {
            "schema": {
              "type": "object",
              "properties": {
                "number": {
                  "title": "year",
                  "type": "number",
                  "x-ms-dynamically-added": true,
                  "description": "Year filter",
                  "x-ms-content-hint": "NUMBER"
                },
                "text": {
                  "title": "team",
                  "type": "string",
                  "x-ms-dynamically-added": true,
                  "description": "Team filter",
                  "x-ms-content-hint": "TEXT"
                },
                "text_1": {
                  "title": "conference",
                  "type": "string",
                  "x-ms-dynamically-added": true,
                  "description": "Conference filter",
                  "x-ms-content-hint": "TEXT"
                }
              },
              "required": []
            }
          }
        }
      },
      "actions": {
        "HTTP": {
          "runAfter": {},
          "metadata": {
            "operationMetadataId": "d6017716-56fe-4d4f-af2f-85f124e3ddec"
          },
          "type": "Http",
          "inputs": {
            "method": "GET",
            "uri": "https://api.collegefootballdata.com/records?year=@{triggerBody()?['number']}&team=@{triggerBody()?['text']}&conference=@{triggerBody()?['text_1']}",
            "headers": {
              "Authorization": "Bearer oTYpJkp7kMuniYy0TbmoQQWkps01xdiWUkGd/aEc+smGvXX95CJJ+D1TdfPfQda6"
            }
          }
        },
        "Response": {
          "runAfter": {
            "HTTP": [
              "Succeeded"
            ]
          },
          "metadata": {
            "operationMetadataId": "aca5539b-052f-4fb1-844c-5be86c24f75d"
          },
          "type": "Response",
          "kind": "Http",
          "inputs": {
            "statusCode": 200,
            "body": "@body('HTTP')",
            "schema": {
              "type": "array",
              "items": {
                "type": "object",
                "properties": {
                  "year": {
                    "type": "integer"
                  },
                  "team": {
                    "type": "string"
                  },
                  "conference": {
                    "type": "string"
                  },
                  "division": {
                    "type": "string"
                  },
                  "expectedWins": {
                    "type": "integer"
                  },
                  "total": {
                    "type": "object",
                    "properties": {
                      "games": {
                        "type": "integer"
                      },
                      "wins": {
                        "type": "integer"
                      },
                      "losses": {
                        "type": "integer"
                      },
                      "ties": {
                        "type": "integer"
                      }
                    }
                  },
                  "conferenceGames": {
                    "type": "object",
                    "properties": {
                      "games": {
                        "type": "integer"
                      },
                      "wins": {
                        "type": "integer"
                      },
                      "losses": {
                        "type": "integer"
                      },
                      "ties": {
                        "type": "integer"
                      }
                    }
                  },
                  "homeGames": {
                    "type": "object",
                    "properties": {
                      "games": {
                        "type": "integer"
                      },
                      "wins": {
                        "type": "integer"
                      },
                      "losses": {
                        "type": "integer"
                      },
                      "ties": {
                        "type": "integer"
                      }
                    }
                  },
                  "awayGames": {
                    "type": "object",
                    "properties": {
                      "games": {
                        "type": "integer"
                      },
                      "wins": {
                        "type": "integer"
                      },
                      "losses": {
                        "type": "integer"
                      },
                      "ties": {
                        "type": "integer"
                      }
                    }
                  }
                },
                "required": [
                  "year",
                  "team",
                  "conference",
                  "division",
                  "expectedWins",
                  "total",
                  "conferenceGames",
                  "homeGames",
                  "awayGames"
                ]
              }
            }
          }
        }
      },
      "outputs": {}
    },
    "templateName": ""
  },
  "schemaVersion": "1.0.0.0"
}