<ImportExportXml version="9.2.23075.204" SolutionPackageVersion="9.2" languagecode="1033" generatedBy="CrmLive" xmlns:xsi="http://www.w3.org/2001/XMLSchema-instance">
  <SolutionManifest>
    <UniqueName>CFBPowerPickEm</UniqueName>
    <LocalizedNames>
      <LocalizedName description="CFB Power Pick 'Em" languagecode="1033" />
    </LocalizedNames>
    <Descriptions />
    <Version>1.0.0.24</Version>
    <Managed>1</Managed>
    <Publisher>
      <UniqueName>CFBPowerPickEm</UniqueName>
      <LocalizedNames>
        <LocalizedName description="CFB Power Pick 'Em" languagecode="1033" />
      </LocalizedNames>
      <Descriptions />
      <EMailAddress xsi:nil="true"></EMailAddress>
      <SupportingWebsiteUrl xsi:nil="true"></SupportingWebsiteUrl>
      <CustomizationPrefix>cfbppe</CustomizationPrefix>
      <CustomizationOptionValuePrefix>85222</CustomizationOptionValuePrefix>
      <Addresses>
        <Address>
          <AddressNumber>1</AddressNumber>
          <AddressTypeCode>1</AddressTypeCode>
          <City xsi:nil="true"></City>
          <County xsi:nil="true"></County>
          <Country xsi:nil="true"></Country>
          <Fax xsi:nil="true"></Fax>
          <FreightTermsCode xsi:nil="true"></FreightTermsCode>
          <ImportSequenceNumber xsi:nil="true"></ImportSequenceNumber>
          <Latitude xsi:nil="true"></Latitude>
          <Line1 xsi:nil="true"></Line1>
          <Line2 xsi:nil="true"></Line2>
          <Line3 xsi:nil="true"></Line3>
          <Longitude xsi:nil="true"></Longitude>
          <Name xsi:nil="true"></Name>
          <PostalCode xsi:nil="true"></PostalCode>
          <PostOfficeBox xsi:nil="true"></PostOfficeBox>
          <PrimaryContactName xsi:nil="true"></PrimaryContactName>
          <ShippingMethodCode>1</ShippingMethodCode>
          <StateOrProvince xsi:nil="true"></StateOrProvince>
          <Telephone1 xsi:nil="true"></Telephone1>
          <Telephone2 xsi:nil="true"></Telephone2>
          <Telephone3 xsi:nil="true"></Telephone3>
          <TimeZoneRuleVersionNumber xsi:nil="true"></TimeZoneRuleVersionNumber>
          <UPSZone xsi:nil="true"></UPSZone>
          <UTCOffset xsi:nil="true"></UTCOffset>
          <UTCConversionTimeZoneCode xsi:nil="true"></UTCConversionTimeZoneCode>
        </Address>
        <Address>
          <AddressNumber>2</AddressNumber>
          <AddressTypeCode>1</AddressTypeCode>
          <City xsi:nil="true"></City>
          <County xsi:nil="true"></County>
          <Country xsi:nil="true"></Country>
          <Fax xsi:nil="true"></Fax>
          <FreightTermsCode xsi:nil="true"></FreightTermsCode>
          <ImportSequenceNumber xsi:nil="true"></ImportSequenceNumber>
          <Latitude xsi:nil="true"></Latitude>
          <Line1 xsi:nil="true"></Line1>
          <Line2 xsi:nil="true"></Line2>
          <Line3 xsi:nil="true"></Line3>
          <Longitude xsi:nil="true"></Longitude>
          <Name xsi:nil="true"></Name>
          <PostalCode xsi:nil="true"></PostalCode>
          <PostOfficeBox xsi:nil="true"></PostOfficeBox>
          <PrimaryContactName xsi:nil="true"></PrimaryContactName>
          <ShippingMethodCode>1</ShippingMethodCode>
          <StateOrProvince xsi:nil="true"></StateOrProvince>
          <Telephone1 xsi:nil="true"></Telephone1>
          <Telephone2 xsi:nil="true"></Telephone2>
          <Telephone3 xsi:nil="true"></Telephone3>
          <TimeZoneRuleVersionNumber xsi:nil="true"></TimeZoneRuleVersionNumber>
          <UPSZone xsi:nil="true"></UPSZone>
          <UTCOffset xsi:nil="true"></UTCOffset>
          <UTCConversionTimeZoneCode xsi:nil="true"></UTCConversionTimeZoneCode>
        </Address>
      </Addresses>
    </Publisher>
    <RootComponents>
      <RootComponent type="1" schemaName="cfbppe_picks" behavior="0" />
      <RootComponent type="20" id="{b1aaeb96-2e41-ee11-bdf3-002248049a55}" behavior="0" />
      <RootComponent type="29" id="{006dec8c-6b20-ee11-9cbe-00224806f513}" behavior="0" />
      <RootComponent type="29" id="{2dd6e935-4526-ee11-9966-00224806f513}" behavior="0" />
      <RootComponent type="29" id="{2e9a309f-c422-ee11-9cbd-002248044d4e}" behavior="0" />
      <RootComponent type="29" id="{4af55195-4826-ee11-9966-00224806f513}" behavior="0" />
      <RootComponent type="29" id="{55b56ddc-4626-ee11-9966-00224806f513}" behavior="0" />
      <RootComponent type="29" id="{6d6fb5d8-4a26-ee11-9966-00224806f513}" behavior="0" />
      <RootComponent type="29" id="{72d05223-4626-ee11-9966-00224806f513}" behavior="0" />
      <RootComponent type="29" id="{7a884232-4dd7-ed11-a7c7-00224806f513}" behavior="0" />
      <RootComponent type="29" id="{7d43138d-4726-ee11-9966-00224806f513}" behavior="0" />
      <RootComponent type="29" id="{8b8519b9-4526-ee11-9966-00224806f513}" behavior="0" />
      <RootComponent type="29" id="{8d305d97-4a26-ee11-9966-00224806f513}" behavior="0" />
      <RootComponent type="29" id="{99d75aa8-b60f-ee11-8f6d-00224806f513}" behavior="0" />
      <RootComponent type="29" id="{9ad75aa8-b60f-ee11-8f6d-00224806f513}" behavior="0" />
      <RootComponent type="29" id="{9ff7fdd1-4926-ee11-9966-00224806f513}" behavior="0" />
      <RootComponent type="29" id="{afa16a66-4926-ee11-9966-00224806f513}" behavior="0" />
      <RootComponent type="29" id="{bcdf46a3-6e26-ee11-9966-00224806f513}" behavior="0" />
      <RootComponent type="29" id="{cd18dd70-c5d4-ed11-a7c7-00224806f513}" behavior="0" />
      <RootComponent type="29" id="{ddcaa23e-4a26-ee11-9966-00224806f513}" behavior="0" />
      <RootComponent type="300" schemaName="cfbppe_cfbpowerpickem_97e9f" behavior="0" />
    </RootComponents>
    <MissingDependencies />
  </SolutionManifest>
</ImportExportXml>