{
  "properties": {
    "connectionReferences": {},
    "definition": {
      "$schema": "https://schema.management.azure.com/providers/Microsoft.Logic/schemas/2016-06-01/workflowdefinition.json#",
      "contentVersion": "1.0.0.0",
      "parameters": {
        "$authentication": {
          "defaultValue": {},
          "type": "SecureObject"
        }
      },
      "triggers": {
        "manual": {
          "metadata": {
            "operationMetadataId": "95feb2ae-89da-498c-9874-5e9e5ff8db35"
          },
          "type": "Request",
          "kind": "PowerAppV2",
          "inputs": {
            "schema": {
              "type": "object",
              "properties": {
                "number": {
                  "title": "gameId",
                  "type": "number",
                  "x-ms-dynamically-added": true,
                  "description": "Game id filter",
                  "x-ms-content-hint": "NUMBER"
                }
              },
              "required": [
                "number"
              ]
            }
          }
        }
      },
      "actions": {
        "HTTP": {
          "runAfter": {},
          "metadata": {
            "operationMetadataId": "bf9d7cb7-c027-4085-ad4a-b4428da13b87"
          },
          "type": "Http",
          "inputs": {
            "method": "GET",
            "uri": "https://api.collegefootballdata.com/games/players?gameId=@{triggerBody()['number']}",
            "headers": {
              "Authorization": "Bearer oTYpJkp7kMuniYy0TbmoQQWkps01xdiWUkGd/aEc+smGvXX95CJJ+D1TdfPfQda6"
            }
          }
        },
        "Response": {
          "runAfter": {
            "HTTP": [
              "Succeeded"
            ]
          },
          "metadata": {
            "operationMetadataId": "305cb4c7-dc51-4b1f-9625-128fac3540e4"
          },
          "type": "Response",
          "kind": "Http",
          "inputs": {
            "statusCode": 200,
            "body": "@body('HTTP')",
            "schema": {
              "type": "array",
              "items": {
                "type": "object",
                "properties": {
                  "id": {
                    "type": "integer"
                  },
                  "teams": {
                    "type": "array",
                    "items": {
                      "type": "object",
                      "properties": {
                        "school": {
                          "type": "string"
                        },
                        "conference": {
                          "type": "string"
                        },
                        "homeAway": {
                          "type": "string"
                        },
                        "points": {
                          "type": "integer"
                        },
                        "categories": {
                          "type": "array",
                          "items": {
                            "type": "object",
                            "properties": {
                              "name": {
                                "type": "string"
                              },
                              "types": {
                                "type": "array",
                                "items": {
                                  "type": "object",
                                  "properties": {
                                    "name": {
                                      "type": "string"
                                    },
                                    "athletes": {
                                      "type": "array",
                                      "items": {
                                        "type": "object",
                                        "properties": {
                                          "id": {
                                            "type": "string"
                                          },
                                          "name": {
                                            "type": "string"
                                          },
                                          "stat": {
                                            "type": "string"
                                          }
                                        },
                                        "required": [
                                          "id",
                                          "name",
                                          "stat"
                                        ]
                                      }
                                    }
                                  },
                                  "required": [
                                    "name",
                                    "athletes"
                                  ]
                                }
                              }
                            },
                            "required": [
                              "name",
                              "types"
                            ]
                          }
                        }
                      },
                      "required": [
                        "school",
                        "conference",
                        "homeAway",
                        "points",
                        "categories"
                      ]
                    }
                  }
                },
                "required": [
                  "id",
                  "teams"
                ]
              }
            }
          }
        }
      },
      "outputs": {}
    },
    "templateName": null
  },
  "schemaVersion": "1.0.0.0"
}