{
  "properties": {
    "connectionReferences": {},
    "definition": {
      "$schema": "https://schema.management.azure.com/providers/Microsoft.Logic/schemas/2016-06-01/workflowdefinition.json#",
      "contentVersion": "1.0.0.0",
      "parameters": {
        "$authentication": {
          "defaultValue": {},
          "type": "SecureObject"
        }
      },
      "triggers": {
        "manual": {
          "metadata": {
            "operationMetadataId": "8ffc5574-2d4e-409f-ab9a-c3b2cce8fd57"
          },
          "type": "Request",
          "kind": "PowerAppV2",
          "inputs": {
            "schema": {
              "type": "object",
              "properties": {
                "number": {
                  "title": "year",
                  "type": "number",
                  "x-ms-dynamically-added": true,
                  "description": "Season filter (required if team not specified)",
                  "x-ms-content-hint": "NUMBER"
                },
                "text": {
                  "title": "team",
                  "type": "string",
                  "x-ms-dynamically-added": true,
                  "description": "Team filter (required if year not specified)",
                  "x-ms-content-hint": "TEXT"
                }
              },
              "required": []
            }
          }
        }
      },
      "actions": {
        "HTTP": {
          "runAfter": {},
          "metadata": {
            "operationMetadataId": "de221de4-7c9e-49d3-a06d-b03a24e47016"
          },
          "type": "Http",
          "inputs": {
            "method": "GET",
            "uri": "https://api.collegefootballdata.com/ratings/sp?year=@{triggerBody()?['number']}&team=@{triggerBody()?['text']}",
            "headers": {
              "Authorization": "Bearer oTYpJkp7kMuniYy0TbmoQQWkps01xdiWUkGd/aEc+smGvXX95CJJ+D1TdfPfQda6"
            }
          }
        },
        "Response": {
          "runAfter": {
            "HTTP": [
              "Succeeded"
            ]
          },
          "metadata": {
            "operationMetadataId": "0504c049-b01c-4e63-8df4-7c02835ca6bb"
          },
          "type": "Response",
          "kind": "Http",
          "inputs": {
            "statusCode": 200,
            "body": "@body('HTTP')",
            "schema": {
              "type": "array",
              "items": {
                "type": "object",
                "properties": {
                  "year": {
                    "type": "integer"
                  },
                  "team": {
                    "type": "string"
                  },
                  "conference": {
                    "type": "string"
                  },
                  "rating": {
                    "type": "integer"
                  },
                  "ranking": {
                    "type": "integer"
                  },
                  "secondOrderWins": {
                    "type": "integer"
                  },
                  "sos": {
                    "type": "integer"
                  },
                  "offense": {
                    "type": "object",
                    "properties": {
                      "ranking": {
                        "type": "integer"
                      },
                      "rating": {
                        "type": "integer"
                      },
                      "success": {
                        "type": "integer"
                      },
                      "explosiveness": {
                        "type": "integer"
                      },
                      "rushing": {
                        "type": "integer"
                      },
                      "passing": {
                        "type": "integer"
                      },
                      "standardDowns": {
                        "type": "integer"
                      },
                      "passingDowns": {
                        "type": "integer"
                      },
                      "runRate": {
                        "type": "integer"
                      },
                      "pace": {
                        "type": "integer"
                      }
                    }
                  },
                  "defense": {
                    "type": "object",
                    "properties": {
                      "ranking": {
                        "type": "integer"
                      },
                      "rating": {
                        "type": "integer"
                      },
                      "success": {
                        "type": "integer"
                      },
                      "explosiveness": {
                        "type": "integer"
                      },
                      "rushing": {
                        "type": "integer"
                      },
                      "pasing": {
                        "type": "integer"
                      },
                      "standardDowns": {
                        "type": "integer"
                      },
                      "passingDowns": {
                        "type": "integer"
                      },
                      "havoc": {
                        "type": "object",
                        "properties": {
                          "total": {
                            "type": "integer"
                          },
                          "frontSeven": {
                            "type": "integer"
                          },
                          "db": {
                            "type": "integer"
                          }
                        }
                      }
                    }
                  },
                  "specialTeams": {
                    "type": "object",
                    "properties": {
                      "rating": {
                        "type": "integer"
                      }
                    }
                  }
                },
                "required": [
                  "year",
                  "team",
                  "conference",
                  "rating",
                  "ranking",
                  "secondOrderWins",
                  "sos",
                  "offense",
                  "defense",
                  "specialTeams"
                ]
              }
            }
          }
        }
      },
      "outputs": {}
    },
    "templateName": null
  },
  "schemaVersion": "1.0.0.0"
}