{
  "properties": {
    "connectionReferences": {},
    "definition": {
      "$schema": "https://schema.management.azure.com/providers/Microsoft.Logic/schemas/2016-06-01/workflowdefinition.json#",
      "contentVersion": "1.0.0.0",
      "parameters": {
        "$authentication": {
          "defaultValue": {},
          "type": "SecureObject"
        }
      },
      "triggers": {
        "manual": {
          "metadata": {
            "operationMetadataId": "65bb21ca-eca0-40b1-aa8f-8f78fde53837"
          },
          "type": "Request",
          "kind": "PowerAppV2",
          "inputs": {
            "schema": {
              "type": "object",
              "properties": {
                "number": {
                  "title": "year",
                  "type": "number",
                  "x-ms-dynamically-added": true,
                  "description": "Year filter (required if no team specified)",
                  "x-ms-content-hint": "NUMBER"
                },
                "text": {
                  "title": "team",
                  "type": "string",
                  "x-ms-dynamically-added": true,
                  "description": "Team filter (required if no year specified)",
                  "x-ms-content-hint": "TEXT"
                },
                "text_1": {
                  "title": "excludeGarbageTime",
                  "type": "string",
                  "x-ms-dynamically-added": true,
                  "description": "Filter to remove garbage time plays from calculations",
                  "x-ms-content-hint": "TEXT"
                },
                "number_1": {
                  "title": "startWeek",
                  "type": "number",
                  "x-ms-dynamically-added": true,
                  "description": "Starting week filter",
                  "x-ms-content-hint": "NUMBER"
                },
                "number_2": {
                  "title": "endWeek",
                  "type": "number",
                  "x-ms-dynamically-added": true,
                  "description": "Ending week filter",
                  "x-ms-content-hint": "NUMBER"
                }
              },
              "required": []
            }
          }
        }
      },
      "actions": {
        "HTTP": {
          "runAfter": {},
          "metadata": {
            "operationMetadataId": "639ce492-fbd4-4f51-b9c4-2902e7f5424c"
          },
          "type": "Http",
          "inputs": {
            "method": "GET",
            "uri": "https://api.collegefootballdata.com/stats/season/advanced?year=@{triggerBody()['number']}&team=@{triggerBody()['text']}&excludeGarbageTime=@{triggerBody()['text_1']}&startWeek=@{triggerBody()['number_1']}&endWeek=@{triggerBody()['number_2']}",
            "headers": {
              "Authorization": "Bearer oTYpJkp7kMuniYy0TbmoQQWkps01xdiWUkGd/aEc+smGvXX95CJJ+D1TdfPfQda6"
            }
          }
        },
        "Response": {
          "runAfter": {
            "HTTP": [
              "Succeeded"
            ]
          },
          "metadata": {
            "operationMetadataId": "eadb8dc5-bc2f-4fd0-a13d-68c505e1ca20"
          },
          "type": "Response",
          "kind": "Http",
          "inputs": {
            "statusCode": 200,
            "body": "@body('HTTP')",
            "schema": {
              "type": "array",
              "items": {
                "type": "object",
                "properties": {
                  "season": {
                    "type": "integer"
                  },
                  "team": {
                    "type": "string"
                  },
                  "conference": {
                    "type": "string"
                  },
                  "offense": {
                    "type": "object",
                    "properties": {
                      "plays": {
                        "type": "integer"
                      },
                      "drives": {
                        "type": "integer"
                      },
                      "ppa": {
                        "type": "integer"
                      },
                      "totalPPA": {
                        "type": "integer"
                      },
                      "successRate": {
                        "type": "integer"
                      },
                      "explosiveness": {
                        "type": "integer"
                      },
                      "powerSuccess": {
                        "type": "integer"
                      },
                      "stuffRate": {
                        "type": "integer"
                      },
                      "lineYards": {
                        "type": "integer"
                      },
                      "lineYardsTotal": {
                        "type": "integer"
                      },
                      "secondLevelYards": {
                        "type": "integer"
                      },
                      "secondLevelYardsTotal": {
                        "type": "integer"
                      },
                      "openFieldYards": {
                        "type": "integer"
                      },
                      "openFieldYardsTotal": {
                        "type": "integer"
                      },
                      "totalOpportunies": {
                        "type": "integer"
                      },
                      "pointsPerOpportunity": {
                        "type": "integer"
                      },
                      "fieldPosition": {
                        "type": "object",
                        "properties": {
                          "averageStart": {
                            "type": "integer"
                          },
                          "averagePredictedPoints": {
                            "type": "integer"
                          }
                        }
                      },
                      "havoc": {
                        "type": "object",
                        "properties": {
                          "total": {
                            "type": "integer"
                          },
                          "frontSeven": {
                            "type": "integer"
                          },
                          "db": {
                            "type": "integer"
                          }
                        }
                      },
                      "standardDowns": {
                        "type": "object",
                        "properties": {
                          "rate": {
                            "type": "integer"
                          },
                          "ppa": {
                            "type": "integer"
                          },
                          "successRate": {
                            "type": "integer"
                          },
                          "explosiveness": {
                            "type": "integer"
                          }
                        }
                      },
                      "passingDowns": {
                        "type": "object",
                        "properties": {
                          "rate": {
                            "type": "integer"
                          },
                          "ppa": {
                            "type": "integer"
                          },
                          "successRate": {
                            "type": "integer"
                          },
                          "explosiveness": {
                            "type": "integer"
                          }
                        }
                      },
                      "rushingPlays": {
                        "type": "object",
                        "properties": {
                          "rate": {
                            "type": "integer"
                          },
                          "ppa": {
                            "type": "integer"
                          },
                          "totalPPA": {
                            "type": "integer"
                          },
                          "successRate": {
                            "type": "integer"
                          },
                          "explosiveness": {
                            "type": "integer"
                          }
                        }
                      },
                      "passingPlays": {
                        "type": "object",
                        "properties": {
                          "rate": {
                            "type": "integer"
                          },
                          "ppa": {
                            "type": "integer"
                          },
                          "totalPPA": {
                            "type": "integer"
                          },
                          "successRate": {
                            "type": "integer"
                          },
                          "explosiveness": {
                            "type": "integer"
                          }
                        }
                      }
                    }
                  },
                  "defense": {
                    "type": "object",
                    "properties": {
                      "plays": {
                        "type": "integer"
                      },
                      "drives": {
                        "type": "integer"
                      },
                      "ppa": {
                        "type": "integer"
                      },
                      "totalPPA": {
                        "type": "integer"
                      },
                      "successRate": {
                        "type": "integer"
                      },
                      "explosiveness": {
                        "type": "integer"
                      },
                      "powerSuccess": {
                        "type": "integer"
                      },
                      "stuffRate": {
                        "type": "integer"
                      },
                      "lineYards": {
                        "type": "integer"
                      },
                      "lineYardsTotal": {
                        "type": "integer"
                      },
                      "secondLevelYards": {
                        "type": "integer"
                      },
                      "secondLevelYardsTotal": {
                        "type": "integer"
                      },
                      "openFieldYards": {
                        "type": "integer"
                      },
                      "openFieldYardsTotal": {
                        "type": "integer"
                      },
                      "totalOpportunies": {
                        "type": "integer"
                      },
                      "pointsPerOpportunity": {
                        "type": "integer"
                      },
                      "fieldPosition": {
                        "type": "object",
                        "properties": {
                          "averageStart": {
                            "type": "integer"
                          },
                          "averagePredictedPoints": {
                            "type": "integer"
                          }
                        }
                      },
                      "havoc": {
                        "type": "object",
                        "properties": {
                          "total": {
                            "type": "integer"
                          },
                          "frontSeven": {
                            "type": "integer"
                          },
                          "db": {
                            "type": "integer"
                          }
                        }
                      },
                      "standardDowns": {
                        "type": "object",
                        "properties": {
                          "rate": {
                            "type": "integer"
                          },
                          "ppa": {
                            "type": "integer"
                          },
                          "successRate": {
                            "type": "integer"
                          },
                          "explosiveness": {
                            "type": "integer"
                          }
                        }
                      },
                      "passingDowns": {
                        "type": "object",
                        "properties": {
                          "rate": {
                            "type": "integer"
                          },
                          "ppa": {
                            "type": "integer"
                          },
                          "successRate": {
                            "type": "integer"
                          },
                          "explosiveness": {
                            "type": "integer"
                          }
                        }
                      },
                      "rushingPlays": {
                        "type": "object",
                        "properties": {
                          "rate": {
                            "type": "integer"
                          },
                          "ppa": {
                            "type": "integer"
                          },
                          "totalPPA": {
                            "type": "integer"
                          },
                          "successRate": {
                            "type": "integer"
                          },
                          "explosiveness": {
                            "type": "integer"
                          }
                        }
                      },
                      "passingPlays": {
                        "type": "object",
                        "properties": {
                          "rate": {
                            "type": "integer"
                          },
                          "ppa": {
                            "type": "integer"
                          },
                          "totalPPA": {
                            "type": "integer"
                          },
                          "successRate": {
                            "type": "integer"
                          },
                          "explosiveness": {
                            "type": "integer"
                          }
                        }
                      }
                    }
                  }
                },
                "required": [
                  "season",
                  "team",
                  "conference",
                  "offense",
                  "defense"
                ]
              }
            }
          }
        }
      },
      "outputs": {}
    },
    "templateName": null
  },
  "schemaVersion": "1.0.0.0"
}